#,Name,Link
1,Ben Thanh Retreats Hotel,https://www.booking.com/hotel/vn/ben-thanh-retreats.vi.html
2,Baoanh Hostel,https://www.booking.com/hotel/vn/baoanh-hostel.vi.html
3,Maison Royale,https://www.booking.com/hotel/vn/maison-royale.vi.html
4,The Art - G9 Homestay,https://www.booking.com/hotel/vn/g9-homes.vi.html
5,The White House,https://www.booking.com/hotel/vn/the-white-guesthouse-ho-chi-minh.vi.html
6,Vy Khanh Guesthouse,https://www.booking.com/hotel/vn/vy-khanh-guesthouse.vi.html
7,Sherwood Suites,https://www.booking.com/hotel/vn/sherwood-suites.vi.html
8,The Hammock Hotel Fine Arts Museum,https://www.booking.com/hotel/vn/hammock-hotel-fine-arts-museum.vi.html
9,MAI HOUSE Saigon,https://www.booking.com/hotel/vn/mai-house-saigon.vi.html
10,Coucou Homestead,https://www.booking.com/hotel/vn/coucou-homestead.vi.html
11,Chez Mimosa Petite,https://www.booking.com/hotel/vn/chez-mimosa-petite.vi.html
12,Chez Mimosa,https://www.booking.com/hotel/vn/chez-mimosa.vi.html
13,The Reverie Saigon,https://www.booking.com/hotel/vn/the-reverie-saigon.vi.html
14,Silverland Yen Hotel,https://www.booking.com/hotel/vn/lan-lan-1.vi.html
15,HOSTIE SAIGON [WANDERLUST Home],https://www.booking.com/hotel/vn/hostiesaigon-wanderlust.vi.html
16,Chez Mimosa - Boutique Hotel,https://www.booking.com/hotel/vn/chez-mimosa-boutique.vi.html
17,Homestay 37 AD,https://www.booking.com/hotel/vn/new-spacy-room-in-chinatown-homestay.vi.html
18,Full House Hostel,https://www.booking.com/hotel/vn/full-house-hostel.vi.html
19,Hoang Lan Hotel,https://www.booking.com/hotel/vn/hoang-lan-ho-chi-minh-city.vi.html
20,The Haven - Lofts by the Park,https://www.booking.com/hotel/vn/loft-apartment.vi.html
21,Sherwood Residence,https://www.booking.com/hotel/vn/sherwood-residence.vi.html
22,GEM Apartment,https://www.booking.com/hotel/vn/gem-apartment.vi.html
23,Au Lac Charner Hotel,https://www.booking.com/hotel/vn/silverland-charner-hotel.vi.html
24,Park Hyatt Saigon,https://www.booking.com/hotel/vn/park-hyatt-saigon.vi.html
25,PIANO HOTEL,https://www.booking.com/hotel/vn/piano-district-1.vi.html
26,June Home RIVERGate Luxury,https://www.booking.com/hotel/vn/rivergate-junehome-luxury.vi.html
27,Chez Mimosa Boutique Corner,https://www.booking.com/hotel/vn/chez-mimosa-boutique-corner.vi.html
28,Thanh Long Hotel - Tra Khuc,https://www.booking.com/hotel/vn/thanh-long-ho-chi-minh-city.vi.html
29,Sedona Suites Ho Chi Minh City,https://www.booking.com/hotel/vn/sedona-suites-grand-tower.vi.html
30,Mia Saigon – Luxury Boutique Hotel,https://www.booking.com/hotel/vn/mia-sai-gon.vi.html
31,Chez Mimosa Local,https://www.booking.com/hotel/vn/chez-mimosa-local.vi.html
32,Hello SaiGon Homestay,https://www.booking.com/hotel/vn/hello-saigon-homestay.vi.html
33,Fusion Suites Saigon,https://www.booking.com/hotel/vn/fusion-suites-saigon-ho-chi-minh-city2.vi.html
34,KunKin Luxury Apartment &amp; Hotel,https://www.booking.com/hotel/vn/kunkin-serviced-apartment.vi.html
35,Ngan Ha Apartment,https://www.booking.com/hotel/vn/ngan-ha-apartment.vi.html
36,Hotel Des Arts Saigon Mgallery Collection,https://www.booking.com/hotel/vn/des-arts-saigon-mgallery-collection.vi.html
37,Leaf Signature Hotel - Lá Group,https://www.booking.com/hotel/vn/hut-boutique.vi.html
38,Simone's Shophouse,https://www.booking.com/hotel/vn/christina-39-s-saigon-the-shophouse.vi.html
39,Ma Maison Boutique Hotel,https://www.booking.com/hotel/vn/mamaison-boutique.vi.html
40,Bland Landmark Plus Luxury Residence,https://www.booking.com/hotel/vn/bland-landmark-plus.vi.html
41,Hotel Nikko Saigon,https://www.booking.com/hotel/vn/nikko-saigon.vi.html
42,Orchids Saigon Hotel,https://www.booking.com/hotel/vn/orchids.vi.html
43,Holiday Republic Saigon Airport,https://www.booking.com/hotel/vn/holiday-republic-saigon-airport-apartment.vi.html
44,Maison De Camille Boutique Hotel,https://www.booking.com/hotel/vn/maison-de-camille.vi.html
45,The Moana House,https://www.booking.com/hotel/vn/the-moana-house.vi.html
46,Lestar Hotel Saigon 1,https://www.booking.com/hotel/vn/lestar-saigon-1.vi.html
47,Go Sweet House - Rivergate Residence,https://www.booking.com/hotel/vn/gosw-house-rivergate-residence.vi.html
48,Long Hostel,https://www.booking.com/hotel/vn/long-hostel.vi.html
49,Saigon Royal Arrivals-10 stars service apartment-Luxurious place-best place,https://www.booking.com/hotel/vn/the-unique-arrival.vi.html
50,Luxy Park Hotel &amp; Apartments-City Centre,https://www.booking.com/hotel/vn/luxy-park-amp-apartments-city-centre.vi.html
51,1993’s house,https://www.booking.com/hotel/vn/1993s-house.vi.html
52,Caravelle Saigon,https://www.booking.com/hotel/vn/caravelle.vi.html
53,Somerset Ho Chi Minh City,https://www.booking.com/hotel/vn/somerset-ho-chi-minh-city.vi.html
54,Cozrum Homes Lý Chính Thắng,https://www.booking.com/hotel/vn/cozrum-homes-ly-chinh-thang.vi.html
55,M Hotel Saigon,https://www.booking.com/hotel/vn/m-saigon-ho-chi-minh-city.vi.html
56,Orchid Boutique Hotel &amp; Apartment,https://www.booking.com/hotel/vn/orchid-boutique-apartment.vi.html
57,DHTS Business Apartment 日本品質の部屋とサービス 日本人向けサービスアパート,https://www.booking.com/hotel/vn/dhts-business-apartment.vi.html
58,Cozrum Homes - Rivera Corner,https://www.booking.com/hotel/vn/cozrum-homes-rivera-corner.vi.html
59,The Bloom Pham Viet Chanh,https://www.booking.com/hotel/vn/the-bloom-apartment.vi.html
60,Cozrum Homes Delightful Corner,https://www.booking.com/hotel/vn/cozrum-homes-delightful-corner.vi.html
61,Cactusland Homestay - Tran Hung Dao,https://www.booking.com/hotel/vn/saigon-cactus-homestay.vi.html
62,The Hammock Hotel Ben Thanh,https://www.booking.com/hotel/vn/khach-san-kim-sai-gon.vi.html
63,Prague Airport Hotel,https://www.booking.com/hotel/vn/prague-airport.vi.html
64,The Art - Sunshine Apartment,https://www.booking.com/hotel/vn/the-art-sunshine-apartment.vi.html
65,SILA Urban Living,https://www.booking.com/hotel/vn/sila-urban-living.vi.html
66,The Art - Tina Hotel and Apartments,https://www.booking.com/hotel/vn/tina-and-apartments.vi.html
67,Melody of Airport - The Transit,https://www.booking.com/hotel/vn/melody-of-airport-the-transit.vi.html
68,Chau Apartments - Infinity pool and Gym - Ben Thanh,https://www.booking.com/hotel/vn/chau-chau-homestay.vi.html
69,Huong Sen Annex Hotel,https://www.booking.com/hotel/vn/huong-sen-annex.vi.html
70,Aurora Serviced Apartments,https://www.booking.com/hotel/vn/aurora-serviced-apartments.vi.html
71,Saigon Inn,https://www.booking.com/hotel/vn/saigon-inn.vi.html
72,La Casita Saigon,https://www.booking.com/hotel/vn/la-casita-saigon.vi.html
73,Lan Anh Hotel,https://www.booking.com/hotel/vn/lan-anh.vi.html
74,HANAN home at Saigon downtown,https://www.booking.com/hotel/vn/luna-39-s-house-at-rivergate.vi.html
75,Saigonnais Homestay (Maison de Tran Le),https://www.booking.com/hotel/vn/saigonnais-homestay-maison-de-tran-le.vi.html
76,Louis Hotel - Bui Vien Walking Street,https://www.booking.com/hotel/vn/louis-hostel.vi.html
77,Moon Light Apartments,https://www.booking.com/hotel/vn/dumoc-home-saigon-royal.vi.html
78,8B Aparthotel,https://www.booking.com/hotel/vn/8b-aparthotel.vi.html
79,Saigon April Homestay,https://www.booking.com/hotel/vn/april-house.vi.html
80,Blue Arch - Luxury Serviced Apartment in Central Saigon,https://www.booking.com/hotel/vn/springcourt.vi.html
81,Cola's Homestay,https://www.booking.com/hotel/vn/cola-39-s-homestay-quan-3.vi.html
82,Liberty Central Saigon Citypoint,https://www.booking.com/hotel/vn/liberty-central-saigon-city-point.vi.html
83,Gemini Saigon Center - New &amp; Clean with Day Use Available,https://www.booking.com/hotel/vn/punto-hostel.vi.html
84,Five star studio apartment near airport,https://www.booking.com/hotel/vn/five-star-studio-apartment-near-airport.vi.html
85,Cactusland Villa Near Bui Vien Street,https://www.booking.com/hotel/vn/cactusland-villa.vi.html
86,Winsuites Saigon,https://www.booking.com/hotel/vn/winsuites-saigon.vi.html
87,Oakwood Residence Saigon,https://www.booking.com/hotel/vn/oakwood-residence-saigon.vi.html
88,Sen Boutique House,https://www.booking.com/hotel/vn/sen-boutique-house.vi.html
89,S Phuot Airport Hostel,https://www.booking.com/hotel/vn/s-phuot-airport-homestay-tp-ho-chi-minh.vi.html
90,Norfolk Mansion - Luxury Serviced Apartment,https://www.booking.com/hotel/vn/norfolk-mansion.vi.html
91,ANNETA Star Hill,https://www.booking.com/hotel/vn/anneta-apartment.vi.html
92,Central Apartments - Free Pool&amp;Gym - RiverGate Residence Building,https://www.booking.com/hotel/vn/central-apartments-free-pool-amp-gym-rivergate-residence-building.vi.html
93,The Royal Hotel &amp; Apartment - Phu My Hung,https://www.booking.com/hotel/vn/the-royal-amp-apartment-near-secc-phu-my-hung.vi.html
94,The Tomato Apartment,https://www.booking.com/hotel/vn/the-tomato-apartment.vi.html
95,Vinpearl Luxury Landmark 81,https://www.booking.com/hotel/vn/vinpearl-luxury-landmark-81.vi.html
96,Your best studio apartment near airport,https://www.booking.com/hotel/vn/your-best-studio-apartment-near-airport.vi.html
97,Golden Tree Apartments,https://www.booking.com/hotel/vn/jack-apartment-85.vi.html
98,SAIGON 9 - Rivergate Residence Infinity Pool-Gym,https://www.booking.com/hotel/vn/rivergate-residence-deluxe-salatohome-river-view-city-center.vi.html
99,The Akoya Ben Thanh Hotel,https://www.booking.com/hotel/vn/akoya-saigon-central.vi.html
100,Spacious Saigon - Infinity Pool &amp; Gym,https://www.booking.com/hotel/vn/sams-cozy-apartment-1br-at-river-gate-residences.vi.html
101,Icon Saigon - LifeStyle Design Hotel,https://www.booking.com/hotel/vn/icon-saigon-luxury-design.vi.html
102,Prostyle Hotel Ho Chi Minh プロスタイルホテルホーチミン,https://www.booking.com/hotel/vn/asian-ruby.vi.html
103,LuxHomes Saigon - Vinhomes Central Park,https://www.booking.com/hotel/vn/cozy-luxury-5-star-condo-in-vinhomes-central-park.vi.html
104,Sun Avenue Apartment Novaland,https://www.booking.com/hotel/vn/sun-avenue-apartment-novaland.vi.html
105,Lotus Central Hotel,https://www.booking.com/hotel/vn/lotus-central-saigon.vi.html
106,Summer Taste Homestay,https://www.booking.com/hotel/vn/saigon-bella-bello.vi.html
107,Silverland Sakyo Hotel,https://www.booking.com/hotel/vn/silverland-sakyo-amp-spa.vi.html
108,NTA Serviced Apartments,https://www.booking.com/hotel/vn/nta-tower.vi.html
109,Happy Home,https://www.booking.com/hotel/vn/happyhome-tp-ho-chi-minh.vi.html
110,"InterContinental Saigon, an IHG Hotel",https://www.booking.com/hotel/vn/intercontinental-asiana-saigon.vi.html
111,Citadines Regency Saigon,https://www.booking.com/hotel/vn/citadines-regency-saigon.vi.html
112,Alagon D'antique Hotel &amp; Spa,https://www.booking.com/hotel/vn/alagon-d-39-antique-amp-spa.vi.html
113,Cozrum Homes The Gallery Residence,https://www.booking.com/hotel/vn/cozrum-homes-the-gallery-residence.vi.html
114,Gia Long King Hotel,https://www.booking.com/hotel/vn/alden-hotel.vi.html
115,Garden View Court Serviced Apartments,https://www.booking.com/hotel/vn/garden-view-court.vi.html
116,Vinhomes Luxury-Kayla's Apartment,https://www.booking.com/hotel/vn/vinhomes-luxury-kayla-39-s-apartment.vi.html
117,Cochin Zen Hotel,https://www.booking.com/hotel/vn/cochin-zen-hotel.vi.html
118,Awesome CBD Luxury Apartment Icon56 Rooftop Pool (1BR-2BR-3BR),https://www.booking.com/hotel/vn/icon56-tower.vi.html
119,Bland Landmark Luxury Residence,https://www.booking.com/hotel/vn/bland-landmark.vi.html
120,RIVERGate Apartment - Central SAIGON,https://www.booking.com/hotel/vn/june-apartment-rivergate-central-saigon.vi.html
121,Romantic Cabana Hotel,https://www.booking.com/hotel/vn/romantic-cabana.vi.html
122,Harmony Saigon Hotel &amp; Spa,https://www.booking.com/hotel/vn/harmony-saigon-hotel.vi.html
123,Le Méridien Saigon,https://www.booking.com/hotel/vn/le-meridien-saigon.vi.html
124,SaiGon Gạo Hostel,https://www.booking.com/hotel/vn/sai-gon-gao-hostel-quan-1.vi.html
125,Mimi’s homestay,https://www.booking.com/hotel/vn/mimis-homestay.vi.html
126,An Lam Retreats Saigon River,https://www.booking.com/hotel/vn/an-lam-saigon-river-private-residence.vi.html
127,Urban Lodge Hotel,https://www.booking.com/hotel/vn/urban-lodge.vi.html
128,Emerald Central,https://www.booking.com/hotel/vn/emerald-central.vi.html
129,TeeUp Home,https://www.booking.com/hotel/vn/teeup-home.vi.html
130,UpTown Hotel,https://www.booking.com/hotel/vn/uptown-quan-1-tphcm.vi.html
131,Moka's House,https://www.booking.com/hotel/vn/modern-room-right-in-the-heart-of-saigon.vi.html
132,Saigon Fairy Land - Masteri Millennium,https://www.booking.com/hotel/vn/saigon-fairy-land-ho-chi-minh1.vi.html
133,Diamond Island- Luxury Accommodation,https://www.booking.com/hotel/vn/diamond-island-luxury-accommodation.vi.html
134,City Backpackers Hostel,https://www.booking.com/hotel/vn/city-bacpackers-hostel.vi.html
135,The Like Hostel &amp; Cafe,https://www.booking.com/hotel/vn/like-hostel-amp-cafe.vi.html
136,Somerset Chancellor Court,https://www.booking.com/hotel/vn/somerset-chancellor-court.vi.html
137,SABINA Residence - HCM,https://www.booking.com/hotel/vn/sabina-amp-apartment.vi.html
138,Chill Suites,https://www.booking.com/hotel/vn/chill-suites.vi.html
139,Silverland Jolie Hotel,https://www.booking.com/hotel/vn/la-jolie.vi.html
140,Cozrum Lux Hotel,https://www.booking.com/hotel/vn/cozrum-lux-quan-112345678.vi.html
141,Cactusland Apartment,https://www.booking.com/hotel/vn/reddoorz-plus-nguyen-van-troi.vi.html
142,Thien Tu Hotel,https://www.booking.com/hotel/vn/thien-tu.vi.html
143,Luxy Park Hotel &amp; Apartments - Notre Dame,https://www.booking.com/hotel/vn/luxy-park-amp-apartments-notre-dame-ho-chi-minh.vi.html
144,Scenic Valley Marvel,https://www.booking.com/hotel/vn/scenic-valley-balcony-pool-view-we-stay-hcm.vi.html
145,Cozrum Homes - Premier Residence,https://www.booking.com/hotel/vn/cozrum-homes-premier-residence.vi.html
146,ART &amp; LANG FAMILY,https://www.booking.com/hotel/vn/art-amp-lang-family.vi.html
147,Căn hộ Orchard Parkview - Tan Son Nhat Airport Homestay,https://www.booking.com/hotel/vn/airport-homestay-studio-pool-gym.vi.html
148,La Maison 1988 - Masteri Thao Dien,https://www.booking.com/hotel/vn/la-maison-1988-masteri-thao-dien.vi.html
149,Nhat an Homestay,https://www.booking.com/hotel/vn/nhat-an-homestay.vi.html
150,Apa Saigon Apartment,https://www.booking.com/hotel/vn/apa-saigon.vi.html
151,Hotel thanh vinh,https://www.booking.com/hotel/vn/thanh-vinh-tp-ho-chi-minh.vi.html
152,Cap Town Hotel,https://www.booking.com/hotel/vn/cap-town.vi.html
153,Cozrum Homes Ambera House,https://www.booking.com/hotel/vn/cozrum-homes-amber-house.vi.html
154,ÊMM Hotel Saigon,https://www.booking.com/hotel/vn/amm-saigon.vi.html
155,Mayla Saigon Downtown Rooftop Pool,https://www.booking.com/hotel/vn/mala-studio.vi.html
156,CIRCADIAN Japanese Studios in Downtown,https://www.booking.com/hotel/vn/welcome-saigon-ntmk.vi.html
157,IAMSAIGON homestay,https://www.booking.com/hotel/vn/iamsaigon-homestay-100-profit-for-orphanage.vi.html
158,Sanouva Saigon Hotel,https://www.booking.com/hotel/vn/sanouva.vi.html
159,Villa Song Saigon,https://www.booking.com/hotel/vn/villa-song-saigon-ho-chi-minh-city.vi.html
160,The Myst Dong Khoi,https://www.booking.com/hotel/vn/the-myst-dong-khoi.vi.html
161,Mecozy Apartel,https://www.booking.com/hotel/vn/mecozy-apartel.vi.html
162,Pullman Saigon Centre,https://www.booking.com/hotel/vn/pullman-saigon-centre.vi.html
163,Liberty Central Saigon Riverside Hotel,https://www.booking.com/hotel/vn/liberty-central-saigon-centre.vi.html
164,Jack Apartment Royal,https://www.booking.com/hotel/vn/jack-apartment.vi.html
165,Common Inn Thao Dien,https://www.booking.com/hotel/vn/common-inn.vi.html
166,Cozy Private Home @ HCM D.5,https://www.booking.com/hotel/vn/cozy-private-home-hcm-d5.vi.html
167,Saki Aparthotel,https://www.booking.com/hotel/vn/secc-q7.vi.html
168,Victory Airport Hotel,https://www.booking.com/hotel/vn/victory-airport.vi.html
169,Cozrum Homes - Charming Corner,https://www.booking.com/hotel/vn/cozrum-homes-charming-corner-ho-chi-minh.vi.html
170,Huyen House,https://www.booking.com/hotel/vn/huyenhouse-quan-1.vi.html
171,Vic Vinhomes Central Park,https://www.booking.com/hotel/vn/vic-vinhomes-central-park.vi.html
172,Air Star Hotel,https://www.booking.com/hotel/vn/air-star.vi.html
173,A in Hotel Del Luna,https://www.booking.com/hotel/vn/a-in-del-luna.vi.html
174,Chillaxroom,https://www.booking.com/hotel/vn/chillaxroom.vi.html
175,Infinity Pool Signature - Saigon Rivergate,https://www.booking.com/hotel/vn/infinity-pool-signature-saigon-rivergate.vi.html
176,SƠN THỊNH Guesthouse,https://www.booking.com/hotel/vn/son-thinh-guest-house.vi.html
177,Grand Hotel Saigon,https://www.booking.com/hotel/vn/grand-saigon.vi.html
178,Shinhua Hotel,https://www.booking.com/hotel/vn/shinhua.vi.html
179,"InterContinental Residences Saigon, an IHG Hotel",https://www.booking.com/hotel/vn/intercontinental-asiana-saigon-residences.vi.html
180,Eastin Grand Hotel Saigon,https://www.booking.com/hotel/vn/moevenpick-saigon.vi.html
181,My Home Guest House,https://www.booking.com/hotel/vn/my-home.vi.html
182,Andy's House,https://www.booking.com/hotel/vn/andy-39-house.vi.html
183,Bach Suites Saigon,https://www.booking.com/hotel/vn/bach-suites-saigon.vi.html
184,"S Phuot Homestay - 3A Lam Son, Ward 2, Tan Binh District",https://www.booking.com/hotel/vn/s-phuot-coffee.vi.html
185,Thien Hai Hotel,https://www.booking.com/hotel/vn/thien-hai.vi.html
186,Diamond Suite Scenic Valley Condotel,https://www.booking.com/hotel/vn/diamond-suite-scenic-valley-condotel.vi.html
187,Mayfair Suites,https://www.booking.com/hotel/vn/mayfair-suites.vi.html
188,Spotlight Hotel,https://www.booking.com/hotel/vn/madame-cuc-184.vi.html
189,BAP.Homestay,https://www.booking.com/hotel/vn/bap-homestay.vi.html
190,Saigon Garden Homestay,https://www.booking.com/hotel/vn/garden-homestay-1.vi.html
191,Queen Ann Hotel,https://www.booking.com/hotel/vn/queen-ann-ho-chi-minh.vi.html
192,Kirakuan Luxury 2BR Pool/Gym,https://www.booking.com/hotel/vn/kirakuan-luxury-2br-pool-47-gym.vi.html
193,Tan Hoang Long Hotel,https://www.booking.com/hotel/vn/tan-hoang-long.vi.html
194,"KIRAKUAN Precious COCOON , Pool/Gym",https://www.booking.com/hotel/vn/kirakuan-precious-cocoon-pool-47-gym.vi.html
195,Huong Sen Hotel,https://www.booking.com/hotel/vn/huong-sen.vi.html
196,Au Lac Legend Hotel,https://www.booking.com/hotel/vn/au-lac.vi.html
197,The Nineties Hostel,https://www.booking.com/hotel/vn/the-nineties-hostel.vi.html
198,Sky Villa,https://www.booking.com/hotel/vn/sky-villa.vi.html
199,Cozrum Homes - Yoga Corner,https://www.booking.com/hotel/vn/cozrum-homes-yoga-corner.vi.html
200,Jomo,https://www.booking.com/hotel/vn/jomo.vi.html
201,NATURAL HOUSE hostel,https://www.booking.com/hotel/vn/natural-house-hostel.vi.html
202,Sofitel Saigon Plaza,https://www.booking.com/hotel/vn/sofitelplaza.vi.html
203,Sabina Hotel,https://www.booking.com/hotel/vn/sabina-2.vi.html
204,Sheraton Saigon Hotel &amp; Towers,https://www.booking.com/hotel/vn/sheraton-saigon.vi.html
205,Aurora Western Village,https://www.booking.com/hotel/vn/aurora-western-village.vi.html
206,New World Saigon Hotel,https://www.booking.com/hotel/vn/new-world-saigon.vi.html
207,Vika Homestay,https://www.booking.com/hotel/vn/vika-39-s-home.vi.html
208,Woody House Saigon Center,https://www.booking.com/hotel/vn/woody-homestay.vi.html
209,Uncle Anh Serviced Apartments,https://www.booking.com/hotel/vn/uncle-anh-serviced-apartments.vi.html
210,CIRCADIAN Industrial Studios on Nguyen Hue,https://www.booking.com/hotel/vn/industrial-studios-by-stay-lavie.vi.html
211,SaiGonCuCu Hotel Near Bui Vien Town,https://www.booking.com/hotel/vn/saigoncucu-quan-1.vi.html
212,Cozrum Homes - Saphera Residence,https://www.booking.com/hotel/vn/cozrum-homes-saphera-residence-ho-chi-minh-city.vi.html
213,Black Diamond Hotel in Heart,https://www.booking.com/hotel/vn/black-diamond-in-heart.vi.html
214,Lila Hotel &amp; Serviced Apartment,https://www.booking.com/hotel/vn/lila-amp-serviced-apartment.vi.html
215,Ellie Hotel,https://www.booking.com/hotel/vn/ellie.vi.html
216,Sky Center Near Airport,https://www.booking.com/hotel/vn/can-ho-officetel.vi.html
217,City By Night Ben Thanh Apartments,https://www.booking.com/hotel/vn/city-by-night-apartment-12-2a.vi.html
218,Filippo Saigon,https://www.booking.com/hotel/vn/filippo-saigon.vi.html
219,9 Hostel and Bar,https://www.booking.com/hotel/vn/9-hostel-and-bar.vi.html
220,Adora Art Hotel,https://www.booking.com/hotel/vn/sunflower-ben-thanh.vi.html
221,Ben Thanh Motel,https://www.booking.com/hotel/vn/ben-thanh-motel-ho-chi-minh-city1234567891011121314.vi.html
222,Triple E,https://www.booking.com/hotel/vn/triple-e.vi.html
223,The Reverie Saigon Residential Suites,https://www.booking.com/hotel/vn/the-reverie-saigon-residential-suites.vi.html
224,EdenStar Saigon Hotel &amp; Spa,https://www.booking.com/hotel/vn/eden-saigon.vi.html
225,The Spring House,https://www.booking.com/hotel/vn/the-spring-house.vi.html
226,Daniel Apartment - Masteri Thao Dien,https://www.booking.com/hotel/vn/daniel-apartment-masteri-thao-dien.vi.html
227,"The Millennium Arrivals-Luxury service apartment-10 stars -Best infinity pool - Bui Vien, Ben Thanh",https://www.booking.com/hotel/vn/the-urban-arrival.vi.html
228,My Anh 120 Central Saigon Hotel Ben Thanh Market,https://www.booking.com/hotel/vn/my-anh-120-saigon-hotel.vi.html
229,Thanh Long Hotel - Bach Dang,https://www.booking.com/hotel/vn/thanh-long-bach-dang.vi.html
230,Saigon Dakao,https://www.booking.com/hotel/vn/saigon-dakao.vi.html
231,Urban SaiGon Nguyễn Văn Thủ,https://www.booking.com/hotel/vn/zooz-studio.vi.html
232,Atlas Hotel &amp; Apartments,https://www.booking.com/hotel/vn/atlas-apartments.vi.html
233,"Holiday Inn &amp; Suites Saigon Airport, an IHG Hotel",https://www.booking.com/hotel/vn/holiday-inn-suites-saigon-airport.vi.html
234,LaLuna Saigon,https://www.booking.com/hotel/vn/laluna-saigon.vi.html
235,Herla Central Saigon 1 River Gate Ben Thanh,https://www.booking.com/hotel/vn/herla-central-saigon-ap-12-25-rivergate-resident.vi.html
236,Lotte Hotel Saigon,https://www.booking.com/hotel/vn/legend-saigon.vi.html
237,Bin Bin Hotel 5 - Near Lotte Mart D7,https://www.booking.com/hotel/vn/reddoorz-plus-near-lotte-mart-d7.vi.html
238,Pizzpart - Vinhomes LandmarK Plus 81,https://www.booking.com/hotel/vn/vinhomes-landmark-plus-81.vi.html
239,Cactusland Boutique Hotel,https://www.booking.com/hotel/vn/cactusland.vi.html
240,HOTEL le JARDIN SECRET saigon,https://www.booking.com/hotel/vn/le-jardin-secret-saigon.vi.html
241,Sunrise City Trang' s Apartment W2-1704,https://www.booking.com/hotel/vn/sunrise-city-central-tower-kieutrang.vi.html
242,The Opera Hotel &amp; Apartments,https://www.booking.com/hotel/vn/the-opera-apartments.vi.html
243,Teddy Apartment at Sky Center Luxury,https://www.booking.com/hotel/vn/teddy-house-5-luxury-1br-apartment-near-airport.vi.html
244,SKYY Garden,https://www.booking.com/hotel/vn/trusthome.vi.html
245,The Alcove Library Hotel,https://www.booking.com/hotel/vn/the-alcove-library.vi.html
246,Jolie Home -Sky Center -Block A,https://www.booking.com/hotel/vn/5b-pho-quang-sky-center-block-a.vi.html
247,Recharge In Saigon - 3BR,https://www.booking.com/hotel/vn/recharge-in-saigon-3br.vi.html
248,LA VELA Saigon Hotel,https://www.booking.com/hotel/vn/la-vela-saigon.vi.html
249,RIVERGATE ROSE HOME STUDIO NEAR CENTER FREE POOL &amp; GYM,https://www.booking.com/hotel/vn/rivergate-rose-home-studio-near-center-free-pool-gym.vi.html
250,"319 Liên Phường, Q9",https://www.booking.com/hotel/vn/319-lien-phuong-q9.vi.html
251,Bluesky Serviced Apartment Airport Plaza,https://www.booking.com/hotel/vn/bluesky-serviced-apartment-airport-plaza.vi.html
252,Hotel Majestic Saigon,https://www.booking.com/hotel/vn/majestic-saigon.vi.html
253,Căn hộ Sky Center,https://www.booking.com/hotel/vn/can-ho-sky-center.vi.html
254,Muong Thanh Luxury Saigon Hotel,https://www.booking.com/hotel/vn/muong-thanh-luxury-saigon.vi.html
255,La Memoria Hotel - City Centre,https://www.booking.com/hotel/vn/phuong-anh-ho-chi-minh-city.vi.html
256,Somerset Vista Ho Chi Minh City,https://www.booking.com/hotel/vn/somerset-vista-ho-chi-minh-city.vi.html
257,Kiki's House Saigon,https://www.booking.com/hotel/vn/kiki-39-s-house-saigon.vi.html
258,HoLo Alex House Saigon - Serviced HomeStay,https://www.booking.com/hotel/vn/phuc-an-serviced-apartment.vi.html
259,Căn hộ Orchard Garden - SG Airport Homestay,https://www.booking.com/hotel/vn/airport-homestay-luxury-studio-free-gym-pool-bbq.vi.html
260,Lotus Laverne Hotel,https://www.booking.com/hotel/vn/reddoorz-plus-near-ba-chieu-local-market.vi.html
261,S Lux Apartment,https://www.booking.com/hotel/vn/s-lux-apartment.vi.html
262,Sunny Serviced Apartment,https://www.booking.com/hotel/vn/sunny-serviced-apartment.vi.html
263,Green Cocoon,https://www.booking.com/hotel/vn/green-cocoon.vi.html
264,French Colonial Home,https://www.booking.com/hotel/vn/french-colonial-home-in-the-heart-of-the-city-next-to-ben-thanh-market.vi.html
265,Hera Hotel Airport,https://www.booking.com/hotel/vn/hera-tp-ho-chi-minh.vi.html
266,Saigon Domaine Luxury Residences,https://www.booking.com/hotel/vn/saigon-domaine-luxury-residences.vi.html
267,Hotel L'Odéon Phu My Hung,https://www.booking.com/hotel/vn/l-39-odeon.vi.html
268,Pearl Service Apartment,https://www.booking.com/hotel/vn/pearl-service-apartment.vi.html
269,Sen Boutique Homestay,https://www.booking.com/hotel/vn/sen-boutique-homestay.vi.html
270,La Fortale 9237 Apartments,https://www.booking.com/hotel/vn/la-fortale-9237-apartments.vi.html
271,Little Saigon Boutique Hotel,https://www.booking.com/hotel/vn/little-saigon-boutique-hotel.vi.html
272,5-Star Standard Apartments in Masteri Thao Dien,https://www.booking.com/hotel/vn/5-star-standard-apartments-in-masteri-thao-dien.vi.html
273,Silverland Min Hotel,https://www.booking.com/hotel/vn/tan-hai-long-4.vi.html
274,Scenic Valley Suite,https://www.booking.com/hotel/vn/michael-apartment.vi.html
275,Cititel Parkview Saigon Hotel,https://www.booking.com/hotel/vn/cititel-parkview-saigon.vi.html
276,Lila Luxury Hotel &amp; Apartment,https://www.booking.com/hotel/vn/lila-amp-apartment.vi.html
277,Mi_li_gam Coffee Home,https://www.booking.com/hotel/vn/miligram-coffee-house.vi.html
278,SKYHOMES - Tan Son Nhat Airport Homestay,https://www.booking.com/hotel/vn/tan-son-nhat-skycenter.vi.html
279,Happy Coffee Guesthouse,https://www.booking.com/hotel/vn/happy-coffee-guesthouse-1.vi.html
280,Beauty House,https://www.booking.com/hotel/vn/beauty-guesthouse.vi.html
281,Nguyen Anh Apartment,https://www.booking.com/hotel/vn/auhome-blissington-apartment.vi.html
282,U&amp;A Residences,https://www.booking.com/hotel/vn/u-amp-a-residences-quan-3.vi.html
283,KAY'S HOME-Vinhomes Luxury Apartment,https://www.booking.com/hotel/vn/nemo-place.vi.html
284,Quang Guest House,https://www.booking.com/hotel/vn/room-for-room-quang.vi.html
285,La Galerie Hotel,https://www.booking.com/hotel/vn/la-galerie.vi.html
286,Diamond Luxury Ben Thanh,https://www.booking.com/hotel/vn/diamond-suite-ben-thanh.vi.html
287,Ibis Saigon Airport,https://www.booking.com/hotel/vn/ibis-saigon-airport.vi.html
288,Sai Gon 1979 Hotel,https://www.booking.com/hotel/vn/cong-quynh.vi.html
289,Felix Alley,https://www.booking.com/hotel/vn/merin-suites.vi.html
290,Cherry Hotel and Apartment,https://www.booking.com/hotel/vn/cherry-and-apartment.vi.html
291,We Home Ben Thanh,https://www.booking.com/hotel/vn/we-home-ben-thanh.vi.html
292,DYN OPERA Hotel,https://www.booking.com/hotel/vn/king-star-2.vi.html
293,M-H2 Serviced Apartment,https://www.booking.com/hotel/vn/m-h2-serviced-apartmens.vi.html
294,HANZ Anh Duc 1 Binh Duong Hotel,https://www.booking.com/hotel/vn/anh-duc-1-binh-duong-ho-chi-minh-city.vi.html
295,Emerald Serviced Apartment,https://www.booking.com/hotel/vn/emerald-service-apartment.vi.html
296,The Arrivals Hotel from Sunland hotel,https://www.booking.com/hotel/vn/sunland.vi.html
297,HOME Hotel,https://www.booking.com/hotel/vn/home-phu-nhuan.vi.html
298,Ocean Melody Serviced Apartment,https://www.booking.com/hotel/vn/let-it-be-2brs-apt-w-47-free-gym-pool-amp-pick-up.vi.html
299,Innside by Melia Saigon Central,https://www.booking.com/hotel/vn/innside-by-melia-saigon-central.vi.html
300,Camila Hotel,https://www.booking.com/hotel/vn/camila.vi.html
301,Vân Anh Luxury,https://www.booking.com/hotel/vn/hong-vina-luxury.vi.html
302,Hoàng Quân Hotel,https://www.booking.com/hotel/vn/hoang-quan-tp-ho-chi-minh.vi.html
303,SoLex Hotel,https://www.booking.com/hotel/vn/solex.vi.html
304,Renaissance Riverside Hotel Saigon,https://www.booking.com/hotel/vn/renaissance-riverside-saigon.vi.html
305,Riverside Serviced Apartments,https://www.booking.com/hotel/vn/riverside-serviced-apartments.vi.html
306,Little Dough Lodge,https://www.booking.com/hotel/vn/little-dough.vi.html
307,Luxurious Chinatown Hideaway,https://www.booking.com/hotel/vn/luxurious-chinatown-hideaway.vi.html
308,Alagon Saigon Hotel &amp; Spa,https://www.booking.com/hotel/vn/alagon-saigon.vi.html
309,Gia Huy Hotel,https://www.booking.com/hotel/vn/gia-huy.vi.html
310,Cozrum Homes Citi Town,https://www.booking.com/hotel/vn/cozrum-homes-citi-town.vi.html
311,Sai Gon Homestay,https://www.booking.com/hotel/vn/sai-gon-homestay-ho-chi-minh-city123.vi.html
312,The Lumiere,https://www.booking.com/hotel/vn/the-lumiere.vi.html
313,Cozy Room@SaiGon,https://www.booking.com/hotel/vn/cozy-room-saigon.vi.html
314,Vera Saigon Apartments - Vinhomes Central Park,https://www.booking.com/hotel/vn/vinhomes-central-park-tang-39.vi.html
315,2BRs City View Free Infinty Pool and Gym In the HEART HCM,https://www.booking.com/hotel/vn/2brs-city-view-free-infinty-pool-and-gym-in-the-heart-hcm.vi.html
316,Vuông Tròn homestay,https://www.booking.com/hotel/vn/near-tu-du-hospital.vi.html
317,Ailen Garden Hotel,https://www.booking.com/hotel/vn/blue-river-4.vi.html
318,Asian Kitchen Hotel,https://www.booking.com/hotel/vn/asian-kitchen.vi.html
319,Windsor Plaza Hotel,https://www.booking.com/hotel/vn/windsor-plaza.vi.html
320,Meow Hotel &amp; Cafe,https://www.booking.com/hotel/vn/meow-amp-cafe.vi.html
321,PARKROYAL Saigon,https://www.booking.com/hotel/vn/parkroyal-saigon.vi.html
322,Lavis 18 Residence,https://www.booking.com/hotel/vn/oakwood-apartments-ho-chi-minh-city.vi.html
323,"Home, Cosy&amp;Luxury Apartment - 5mins to Airport, Free Pool&amp;Gym, Free Airport Pick up",https://www.booking.com/hotel/vn/cosy-amp-luxury-2brs-apartment-5mins-to-airport-free-pool-amp-gym-free-airport-p.vi.html
324,MRT Apartment In Masteri Thao Dien,https://www.booking.com/hotel/vn/masteri-thao-dien-apartment-t5-a30-11-district-2.vi.html
325,Prague Hotel,https://www.booking.com/hotel/vn/prague.vi.html
326,An Studio,https://www.booking.com/hotel/vn/an-studio.vi.html
327,Blue Fingers Vinhomes,https://www.booking.com/hotel/vn/far-eastern-saigon.vi.html
328,Helen Home,https://www.booking.com/hotel/vn/helen-home-binh-thanh1.vi.html
329,Havana Airport Hotel,https://www.booking.com/hotel/vn/havana-airport.vi.html
330,Gold view APT4/2bed/2bath/free Pool&amp;Gym,https://www.booking.com/hotel/vn/gold-view-apt4-47-2bed-47-2bath-47-free-pool-amp-gym.vi.html
331,KIRAKUAN PARKVIEW 2BR Pool/Gym/Balcony,https://www.booking.com/hotel/vn/kirakuan-parkview-2br-pool-47-gym-47-balcony.vi.html
332,Roseland Corp Hotel,https://www.booking.com/hotel/vn/medal.vi.html
333,Park Hill Hotel - Phu My Hung,https://www.booking.com/hotel/vn/parkhill.vi.html
334,Sunny Hotel and Apartment,https://www.booking.com/hotel/vn/sunny-and-apartment.vi.html
335,Phố Nhỏ,https://www.booking.com/hotel/vn/pho-nho.vi.html
336,"Saigon City View Apartment &amp; Pool, Ho Chi Minh City",https://www.booking.com/hotel/vn/saigon-city-apartment-amp-pool.vi.html
337,Central Palace Hotel,https://www.booking.com/hotel/vn/central-palace.vi.html
338,Brilliant HCMC Top rated service apartment,https://www.booking.com/hotel/vn/brilliant-hcmc-top-rated-service-apartment.vi.html
339,Rex Hotel,https://www.booking.com/hotel/vn/rex.vi.html
340,Vinhomes Luxury Apartment-Christine Properties,https://www.booking.com/hotel/vn/vinhomes-luxury-apartment-christine-properties.vi.html
341,Yellow House Saigon,https://www.booking.com/hotel/vn/yellow-house-saigon.vi.html
342,Phương Ly Ly,https://www.booking.com/hotel/vn/phuong-ly-ly.vi.html
343,Imperial Saigon hotel,https://www.booking.com/hotel/vn/imperial-saigon-tp-ho-chi-minh.vi.html
344,HANZ MyMy Hotel,https://www.booking.com/hotel/vn/mymy-quan-1012.vi.html
345,Giang Son River Gate Ben Thanh,https://www.booking.com/hotel/vn/saigon-rivergate-residence.vi.html
346,Blue Diamond Luxury Hotel,https://www.booking.com/hotel/vn/blue-diamond-luxury.vi.html
347,Nhat Ha L’Opera Hotel,https://www.booking.com/hotel/vn/nhat-ha-3.vi.html
348,Calmette Hotel,https://www.booking.com/hotel/vn/calmette-quan-1.vi.html
349,Roseland Sweet Hotel &amp; Spa,https://www.booking.com/hotel/vn/roseland-sweet.vi.html
350,Hoang Hoang Hotel (Bloom 3),https://www.booking.com/hotel/vn/hoang-hoang-hotel-bloom-3.vi.html
351,ICASA Serviced Apartment,https://www.booking.com/hotel/vn/icasa-serviced-studio-ho-chi-minh-city.vi.html
352,Con Gà Cười,https://www.booking.com/hotel/vn/con-ga-cuoi.vi.html
353,Vuong Tai Hotel,https://www.booking.com/hotel/vn/luu-van-lang-phuong-ben-thanh-quan-1-thanh-pho-ho-chi-minh.vi.html
354,Phan Anh Hotel - Bui Vien Walking Street,https://www.booking.com/hotel/vn/phan-anh-hostel.vi.html
355,My Villa Hotel - Airport,https://www.booking.com/hotel/vn/mai-villa-airport.vi.html
356,Hani's Premium APT/ML1/2Bed/2Bath/Free Pool&amp;Gym,https://www.booking.com/hotel/vn/hani-39-s-premium-apt-47-ml1-47-2bed-47-2bath-47-free-pool-amp-gym.vi.html
357,HANZ Hotel Happy 7 Ly Thai To,https://www.booking.com/hotel/vn/bien-xanh-2-quan-10.vi.html
358,Hotel Kally Saigon,https://www.booking.com/hotel/vn/kally-ho-chi-minh-city1.vi.html
359,Liberty Central Saigon Centre Hotel,https://www.booking.com/hotel/vn/liberty-central.vi.html
360,Saigon Sirius,https://www.booking.com/hotel/vn/saigon-sirius-river-gate.vi.html
361,Ohana Hotel,https://www.booking.com/hotel/vn/ohana.vi.html
362,Cozy Riverview,https://www.booking.com/hotel/vn/cozy-riverview.vi.html
363,M&amp;H Hotel,https://www.booking.com/hotel/vn/moc-huong.vi.html
364,Apartment Sky Center near airport,https://www.booking.com/hotel/vn/apartment-sky-center-near-airport.vi.html
365,Hotel Continental Saigon,https://www.booking.com/hotel/vn/continental-saigon.vi.html
366,Masteri Apartment 2BR,https://www.booking.com/hotel/vn/masteri-apartment-2br.vi.html
367,Asian Ruby Center Point Hotel,https://www.booking.com/hotel/vn/hampton.vi.html
368,ViVo 416 Apartment,https://www.booking.com/hotel/vn/vivo-416-apartment-g.vi.html
369,Sunrisehome,https://www.booking.com/hotel/vn/hoang-sa-building.vi.html
370,Downtown Retro Serviced Apartment,https://www.booking.com/hotel/vn/saigon-apartments-quan-3.vi.html
371,Na Nue Hotel,https://www.booking.com/hotel/vn/na-nue.vi.html
372,Nesta Hotel Saigon-Formerly Saigon Princess Hotel,https://www.booking.com/hotel/vn/princess-saigon-central.vi.html
373,Gold View APT,https://www.booking.com/hotel/vn/glod-view-apt.vi.html
374,Lux Apartment- Vinhomes Central Park,https://www.booking.com/hotel/vn/lux-apartment-vinhomes-central-park.vi.html
375,Kim house,https://www.booking.com/hotel/vn/kim-house-tp-ho-chi-minh.vi.html
376,Sky center,https://www.booking.com/hotel/vn/sky-center-ho-chi-minh.vi.html
377,ohomeaparment,https://www.booking.com/hotel/vn/ohomeaperment.vi.html
378,Tuong Vi Hotel Saigon,https://www.booking.com/hotel/vn/tuong-vi-saigon.vi.html
379,Avanti Hotel,https://www.booking.com/hotel/vn/avanti.vi.html
380,Dai Nam Sai Gon Hotel,https://www.booking.com/hotel/vn/aha-dai-nam-sai-gon.vi.html
381,Van Hung,https://www.booking.com/hotel/vn/van-hung-ho-chi-minh-city2.vi.html
382,Zazz Urban Ho Chi Minh,https://www.booking.com/hotel/vn/zazz-urban-ho-chi-minh.vi.html
383,The Odys Boutique Hotel,https://www.booking.com/hotel/vn/the-odys-boutique-hotel.vi.html
384,Meander Saigon,https://www.booking.com/hotel/vn/meander-saigon.vi.html
385,Babylon Garden Serviced Apartment,https://www.booking.com/hotel/vn/babylon-garden-serviced-apartment.vi.html
386,Duc Vuong Saigon Hotel - Bui Vien,https://www.booking.com/hotel/vn/duc-vuong.vi.html
387,Ananas Family Hotel,https://www.booking.com/hotel/vn/ananas-family.vi.html
388,Tropical House,https://www.booking.com/hotel/vn/tropical-house.vi.html
389,Hikari Hotel,https://www.booking.com/hotel/vn/hikari.vi.html
390,OYO 422 Nguyen Thanh Hotel,https://www.booking.com/hotel/vn/m2m-ho-chi-minh.vi.html
391,Indo Apartment 2,https://www.booking.com/hotel/vn/lavender-apartment-ho-chi-minh.vi.html
392,RedDoorz Marieline 1 Hotel,https://www.booking.com/hotel/vn/victory-2.vi.html
393,"RIVERGATE POOL &amp; GYM, Le Saigonnais",https://www.booking.com/hotel/vn/rivergate-pool-amp-gym-le-saigonais.vi.html
394,Sky Center Hostel,https://www.booking.com/hotel/vn/sky-center-hostel.vi.html
395,MerPerle Crystal Palace,https://www.booking.com/hotel/vn/merperle-crystal-palace.vi.html
396,Vinhomes Central Park LANDMARK 1,https://www.booking.com/hotel/vn/vinhomes-central-park-landmark-1-ho-chi-minh.vi.html
397,Opera Hotel,https://www.booking.com/hotel/vn/opera.vi.html
398,T&amp;D House,https://www.booking.com/hotel/vn/t-amp-d-house.vi.html
399,Jack Apartment Signature,https://www.booking.com/hotel/vn/aparthotel-75.vi.html
400,M Boutique Hotel,https://www.booking.com/hotel/vn/millennium-boutique.vi.html
401,Q Saigon Central,https://www.booking.com/hotel/vn/saigon-q-apartment-quan-1123.vi.html
402,Indochine Ben Thanh Hotel &amp; Apartments,https://www.booking.com/hotel/vn/indochine-ben-thanh-amp-apartments.vi.html
403,Calista Sai Gon Hotel,https://www.booking.com/hotel/vn/truong-hai-hotel.vi.html
404,Cupid Hotel,https://www.booking.com/hotel/vn/cupid-thanh-pho-ho-chi-minh.vi.html
405,Saigon City Residence,https://www.booking.com/hotel/vn/saigon-city-residence.vi.html
406,Vinhomes Luxury Apartment,https://www.booking.com/hotel/vn/vinhomes-luxury-apartment-binh-thanh.vi.html
407,"Tan Son Nhat Airport Hostel - 3A Lam Son, Ward 2, Tan Binh District",https://www.booking.com/hotel/vn/foot-amp-foot-homestay-ho-chi-minh-city.vi.html
408,Michael Apartment Scenic Valley,https://www.booking.com/hotel/vn/michael-apartment-quan-7.vi.html
409,Aquari Hotel,https://www.booking.com/hotel/vn/aquari.vi.html
410,Quỳnh Hoa Hotel,https://www.booking.com/hotel/vn/quynh-hoa-quan-12.vi.html
411,Newyork Thien Phuc Hotel,https://www.booking.com/hotel/vn/new-york-thien-phuc.vi.html
412,Rang Dong Hotel,https://www.booking.com/hotel/vn/rang-dong.vi.html
413,GK Central Hotel,https://www.booking.com/hotel/vn/gk-central-ho-chi-minh-city.vi.html
414,RedDoorz Plus near Gia Dinh International Hospital 2,https://www.booking.com/hotel/vn/reddoorz-plus-near-le-quang-dinh-street.vi.html
415,Northern Saigon Hotel,https://www.booking.com/hotel/vn/northern-ho-chi-minh.vi.html
416,A-In Hotel Riverside,https://www.booking.com/hotel/vn/a-in-riverside.vi.html
417,Sunshine Boutique Hotel Phu My Hung,https://www.booking.com/hotel/vn/sunshine-boutique-phu-my-hung.vi.html
418,Novotel Saigon Centre,https://www.booking.com/hotel/vn/novotel-saigon-centre.vi.html
419,Alagon City Hotel &amp; Spa,https://www.booking.com/hotel/vn/alagon-city-hotel-and-spa.vi.html
420,Ductaigallery's Apt. Luxury. River View,https://www.booking.com/hotel/vn/chung-cu-bmc-quan-1.vi.html
421,An Phu Apartment,https://www.booking.com/hotel/vn/25-47-29-nguyen-binh-khiem-ben-nghe-quan-1-ho-chi-minh.vi.html
422,Botanic House Saigon,https://www.booking.com/hotel/vn/the-local-house.vi.html
423,Glenwood City Resort,https://www.booking.com/hotel/vn/glenwood-city-resort.vi.html
424,Bon Ami Hotel - Thiên Xuân Hotel,https://www.booking.com/hotel/vn/thienxuan.vi.html
425,Riverside Hotel Saigon,https://www.booking.com/hotel/vn/khach-san-riverside.vi.html
426,Language Exchange Hostel 1,https://www.booking.com/hotel/vn/language-exchange.vi.html
427,Amanaki Saigon Boutique Hotel,https://www.booking.com/hotel/vn/amanaki-saigon-boutique-hotel.vi.html
428,INDO Serviced Apartment,https://www.booking.com/hotel/vn/indo-serviced-apartment.vi.html
429,Capitalland's Service Apartment Landmark 6 Vinhomes,https://www.booking.com/hotel/vn/capitalland-39-s-service-apartment-landmark-6-vinhomes.vi.html
430,Little Brick Saigon Hotel,https://www.booking.com/hotel/vn/little-brick-saigon.vi.html
431,Aristo Saigon Hotel,https://www.booking.com/hotel/vn/aristo-hcm.vi.html
432,Ipeace Hotel,https://www.booking.com/hotel/vn/ipeace.vi.html
433,Mai Guest House,https://www.booking.com/hotel/vn/mai-guest-house.vi.html
434,Glenwood Suites,https://www.booking.com/hotel/vn/glenwood-suites.vi.html
435,Kha Thy Hotel 2,https://www.booking.com/hotel/vn/kha-thy-2.vi.html
436,Lucky Star Hotel 146 Nguyen Trai,https://www.booking.com/hotel/vn/minh-hai-nguyentrai.vi.html
437,Babylon D3 Serviced Apartment,https://www.booking.com/hotel/vn/babylon-d3-serviced-apartment.vi.html
438,Ngoc Minh Hotel,https://www.booking.com/hotel/vn/ngoc-minh-ho-chi-minh.vi.html
439,Royal Dragon Boutique Hotel,https://www.booking.com/hotel/vn/the-junction-hoang-long.vi.html
440,Vissai Saigon Hotel,https://www.booking.com/hotel/vn/vissai-saigon.vi.html
441,Bin Bin Hotel 6 - Near SECC D7,https://www.booking.com/hotel/vn/binbin-6.vi.html
442,ALUNA Ben Thanh Hotel,https://www.booking.com/hotel/vn/aluna.vi.html
443,CIRCADIAN Stunning Two-Bedroom Apartment,https://www.booking.com/hotel/vn/old-saigon-2-bedroom-apartment-homestay-in-japantown-10-min-to-downtown.vi.html
444,Thao Nhi Hotel,https://www.booking.com/hotel/vn/thao-nhi.vi.html
445,Golden Tree Hotel &amp; Apartment,https://www.booking.com/hotel/vn/golden-tree-amp-apartment.vi.html
446,Gia Vien Hotel,https://www.booking.com/hotel/vn/gia-vien.vi.html
447,Phuc Duc Hotel - Center District 1 Ho Chi Minh City,https://www.booking.com/hotel/vn/phuc-duc.vi.html
448,White Diamond Hotel - Airport,https://www.booking.com/hotel/vn/white-diamond-tp-ho-chi-minh.vi.html
449,Kim Hotel,https://www.booking.com/hotel/vn/kim.vi.html
450,Bin Bin Hotel 7 - Near TON DUC THANG University,https://www.booking.com/hotel/vn/bin-bin-7-near-ton-duc-thang-university.vi.html
451,EROS Hotel,https://www.booking.com/hotel/vn/eros-phu-nhuan.vi.html
452,Cupid Hotel 2,https://www.booking.com/hotel/vn/triip-cupid-2-ho-chi-minh.vi.html
453,Boutique Hotel By Diamond Suites,https://www.booking.com/hotel/vn/boutique-garden-hotel.vi.html
454,Song Anh,https://www.booking.com/hotel/vn/song-anh-quan-101.vi.html
455,Bay Hotel Ho Chi Minh,https://www.booking.com/hotel/vn/bay-ho-chi-minh.vi.html
456,Chloe Gallery,https://www.booking.com/hotel/vn/chloe-gallery.vi.html
457,Hotel Equatorial Ho Chi Minh City,https://www.booking.com/hotel/vn/equatorial-ho-chi-minh-city.vi.html
458,Saigon Sky Garden Serviced Apartments,https://www.booking.com/hotel/vn/saigon-sky-garden.vi.html
459,Tuan Long Hotel,https://www.booking.com/hotel/vn/tuan-long.vi.html
460,Saigon Hotel Dong Du,https://www.booking.com/hotel/vn/saigon-corporation.vi.html
461,Sunshine Apartment - Ben Thanh,https://www.booking.com/hotel/vn/amanda-phan-2-quan-1.vi.html
462,Dlux Saigon,https://www.booking.com/hotel/vn/dlux-saigon.vi.html
463,El Ocaso Hotel and Apartments,https://www.booking.com/hotel/vn/diamond-queen.vi.html
464,RedDoorz Plus near Nguyen Hue Walking Street,https://www.booking.com/hotel/vn/reddoorz-plus-near-bach-dang-harbor-ho-chi-minh-city.vi.html
465,Wow! Homes by Christine - Vinhomes Luxury,https://www.booking.com/hotel/vn/christines-apartment.vi.html
466,Savanna Hotel,https://www.booking.com/hotel/vn/oyo-194-savanna.vi.html
467,Riverhome Saigon Apartments,https://www.booking.com/hotel/vn/riverhome-saigon-apartment.vi.html
468,C'Lavie Hotel - Saigon Airport Hotel,https://www.booking.com/hotel/vn/friendly-quan-3.vi.html
469,Sunshine,https://www.booking.com/hotel/vn/sunshine-ho-chi-minh-city.vi.html
470,SaiGon 190 Hostel,https://www.booking.com/hotel/vn/saigon-190-homestay.vi.html
471,Vien Dong District 7 Phu My Hung,https://www.booking.com/hotel/vn/vien-dong-ho-chi-minh.vi.html
472,Sunway Hotel Saigon,https://www.booking.com/hotel/vn/sunway-saigon-tp-ho-chi-minh1.vi.html
473,Silk Hotel near Tan Son Nhat Airport,https://www.booking.com/hotel/vn/reddoorz-plus-near-tan-son-nhat-airport-2.vi.html
474,Huy Hoang 1 Hotel,https://www.booking.com/hotel/vn/huy-hoang-ho-chi-minh-city.vi.html
475,Hoa Phat Hotel &amp; Apartment,https://www.booking.com/hotel/vn/hoa-phat-hotel-and-apartment.vi.html
476,Homestead Parkview,https://www.booking.com/hotel/vn/compass-parkview.vi.html
477,Golda Hotel,https://www.booking.com/hotel/vn/golda.vi.html
478,An Nam Corner - Dreamer,https://www.booking.com/hotel/vn/an-nam-corner-dreamer.vi.html
479,LeBlanc Saigon,https://www.booking.com/hotel/vn/leblanc-saigon.vi.html
480,2Z Hotel- 149 Lê Thị Riêng,https://www.booking.com/hotel/vn/you-and-me.vi.html
481,Thai Dat Hotel,https://www.booking.com/hotel/vn/thai-dat-hcm-viet-nam.vi.html
482,Guesthouse Minh Thu,https://www.booking.com/hotel/vn/phong-cho-thue-minh-thu.vi.html
483,Roseland Centa Hotel &amp; Spa,https://www.booking.com/hotel/vn/roseland-centa.vi.html
484,Phuong Hoang Hotel,https://www.booking.com/hotel/vn/phuong-hoang-tp-ho-chi-minh.vi.html
485,Sky Hotel,https://www.booking.com/hotel/vn/sky-quan-7.vi.html
486,Luxury Hotel,https://www.booking.com/hotel/vn/luxury-go-vap.vi.html
487,Paradise Saigon Boutique Hotel &amp; Spa,https://www.booking.com/hotel/vn/paradise-saigon-boutique.vi.html
488,Smiley Apartment 3,https://www.booking.com/hotel/vn/smiley-apartment-tp-ho-chi-minh.vi.html
489,Anh Sao Xanh Hotel,https://www.booking.com/hotel/vn/anh-sao-xanh.vi.html
490,Hue My Hotel,https://www.booking.com/hotel/vn/hue-my.vi.html
491,New Space Hotel,https://www.booking.com/hotel/vn/new-space.vi.html
492,Luxury Vinhomes Central Park Humi homes,https://www.booking.com/hotel/vn/vinhomes-central-park-service-apartments.vi.html
493,Saigonciti Hotel A,https://www.booking.com/hotel/vn/dragon-palace.vi.html
494,HONGVINA 97 HOTEL,https://www.booking.com/hotel/vn/hongvina-97.vi.html
495,"Me Gustas Park View Hotel ""Formerly Saigon Kiko Hotel""",https://www.booking.com/hotel/vn/saigon-kiko.vi.html
496,Rosa Hotel,https://www.booking.com/hotel/vn/enjoy-6b.vi.html
497,Phong Lan 2 Hotel,https://www.booking.com/hotel/vn/phong-lan-2.vi.html
498,Sabay Airport Apartment - The Connect,https://www.booking.com/hotel/vn/sabay-airport-apartment.vi.html
499,OYO 701 Avatar 6 Hotel,https://www.booking.com/hotel/vn/avatar-2-binh-chanh.vi.html
500,Thanh Tai Hotel,https://www.booking.com/hotel/vn/massage-thanh-tai.vi.html
501,Aladdin Hotel,https://www.booking.com/hotel/vn/aladdin.vi.html
502,Muong Thanh Saigon Centre Hotel,https://www.booking.com/hotel/vn/muong-thanh-saigon-centre.vi.html
503,SPOT ON 746 Ben Thanh Dorm,https://www.booking.com/hotel/vn/ben-thanh-dorm-homestay-saigon.vi.html
504,RedDoorz Plus &amp; Cloud 9 Quang Trung,https://www.booking.com/hotel/vn/cloud-9-quang-trung.vi.html
505,Le Saigon Hotel,https://www.booking.com/hotel/vn/le-saigon.vi.html
506,Aiden Saigon Hotel,https://www.booking.com/hotel/vn/aiden-saigon.vi.html
507,CityHouse-Sonata Residence &amp; Hotel,https://www.booking.com/hotel/vn/sonata-residence.vi.html
508,Kha Thy Hotel,https://www.booking.com/hotel/vn/kha-thy-tp-ho-chi-minh.vi.html
509,PARAGON Saigon 2,https://www.booking.com/hotel/vn/paragon-saigon-2.vi.html
510,The Luxe Hotel,https://www.booking.com/hotel/vn/the-luxe.vi.html
511,"RIVERGATE - Luxury Apartments across D1 - FREE Pool,Gym,Netflix",https://www.booking.com/hotel/vn/luxury-family-2br-apt-fre-rooftop-pool.vi.html
512,Hà Nội Hotel,https://www.booking.com/hotel/vn/ha-noi-green.vi.html
513,Thien Ha Hotel &amp; Apartment,https://www.booking.com/hotel/vn/thien-ha-amp-apartment.vi.html
514,Winston Hotel Riverside,https://www.booking.com/hotel/vn/winston-riverside.vi.html
515,The Umi Hotel,https://www.booking.com/hotel/vn/the-umi.vi.html
516,The Nguyens Cafe - Pink Church View,https://www.booking.com/hotel/vn/the-nguyens-cafe-dct.vi.html
517,RedDoorz Quynh Giang near HIECC Tan Binh,https://www.booking.com/hotel/vn/reddoorz-near-secc-tan-binh.vi.html
518,Hotel De Paris,https://www.booking.com/hotel/vn/hotel-de-paris.vi.html
519,Hung Phat Hotel - Trung Son,https://www.booking.com/hotel/vn/oyo-542-hung-phat.vi.html
520,Tan Dat Hoa Hotel,https://www.booking.com/hotel/vn/tan-dat-hoa.vi.html
521,Khoi Hostel,https://www.booking.com/hotel/vn/khoi-homestay.vi.html
522,Royal Hotel Saigon,https://www.booking.com/hotel/vn/kimdo.vi.html
523,Halo Hotel,https://www.booking.com/hotel/vn/halo.vi.html
524,Saigon Prince Hotel,https://www.booking.com/hotel/vn/duxton-saigon-hochiminhcity.vi.html
525,Babylon Serviced Apartment,https://www.booking.com/hotel/vn/babylon-serviced-apartment.vi.html
526,Spring Hung Anh Hotel,https://www.booking.com/hotel/vn/spring-hung-anh.vi.html
527,Avanti Boutique Hotel,https://www.booking.com/hotel/vn/lavender-ho-chi-minh-city.vi.html
528,Minh Vy,https://www.booking.com/hotel/vn/minh-vy.vi.html
529,Herla Masteri Thao Dien Apartment,https://www.booking.com/hotel/vn/brandnew-2br-apartment.vi.html
530,Bin Bin Hotel 3 - Near SC Vivo City D7,https://www.booking.com/hotel/vn/bin-bin-3.vi.html
531,Central Hotel &amp; Residences with swimming pool,https://www.booking.com/hotel/vn/central-amp-residences.vi.html
532,Dinh Phat Hotel,https://www.booking.com/hotel/vn/dinh-phat-hotel.vi.html
533,"Hoang Van Hotel near SECC, FV hospital",https://www.booking.com/hotel/vn/hoang-van-ho-chi-minh-city.vi.html
534,Moon Saigon Airport Hotel,https://www.booking.com/hotel/vn/quang-hoa.vi.html
535,Sunrise Central Hotel,https://www.booking.com/hotel/vn/thanh-lien.vi.html
536,DRAGON HOTEL 1,https://www.booking.com/hotel/vn/dragon-1.vi.html
537,Fide Hotel,https://www.booking.com/hotel/vn/fide.vi.html
538,A25 Hotel - 145 Lê Thị Riêng,https://www.booking.com/hotel/vn/a25-le-thi-rieng-quan-1.vi.html
539,Amura Hotel Quận 7,https://www.booking.com/hotel/vn/quang-vinh-ho-chi-minh-city.vi.html
540,Chillaxroom 3 -1107,https://www.booking.com/hotel/vn/chillaxroom-3.vi.html
541,OYO 334 Milan Hotel,https://www.booking.com/hotel/vn/oyo-334-milan.vi.html
542,Lilly Hotel,https://www.booking.com/hotel/vn/lilly.vi.html
543,Dinh Dinh 2 Hotel,https://www.booking.com/hotel/vn/khach-san-dinh-dinh-2.vi.html
544,Asian Ruby Boutique Hotel Bùi Thị Xuân,https://www.booking.com/hotel/vn/may-flower-saigon-2.vi.html
545,A25 Hotel - 22 Nguyễn Cư Trinh,https://www.booking.com/hotel/vn/a25-nguyen-cu-trinh.vi.html
546,Saigon Pink 3 Hotel,https://www.booking.com/hotel/vn/sai-gon-pink-3.vi.html
547,Hong Bao Thach Hotel,https://www.booking.com/hotel/vn/hong-bao-thach.vi.html
548,Vietnam Golf - Lake View Villas,https://www.booking.com/hotel/vn/lake-view-villas.vi.html
549,SaigonOne Serviced Apartment,https://www.booking.com/hotel/vn/sai-gon-one.vi.html
550,Full House Saigon Hotel,https://www.booking.com/hotel/vn/uncle-park-39-s.vi.html
551,Saigon Amigo Hotel,https://www.booking.com/hotel/vn/saigon-amigo.vi.html
552,Empress Hotel Ho Chi Minh City,https://www.booking.com/hotel/vn/empresshcm.vi.html
553,RedDoorz Kim Dung Hotel,https://www.booking.com/hotel/vn/khach-san-kim-dung.vi.html
554,Ciao SaiGon Hotel &amp; Spa,https://www.booking.com/hotel/vn/ciao-saigon-and-spa.vi.html
555,Hotel De Lucas,https://www.booking.com/hotel/vn/de-lucas.vi.html
556,Sunrise City - 5 star,https://www.booking.com/hotel/vn/sunrise-city-5-start.vi.html
557,Thuy Sakura Hotel &amp; Serviced Apartment,https://www.booking.com/hotel/vn/thuy-sakura.vi.html
558,Dong Do Hotel,https://www.booking.com/hotel/vn/dong-do.vi.html
559,PARAGON Saigon,https://www.booking.com/hotel/vn/paragon-saigon-tp-ho-chi-minh.vi.html
560,OYO 1147 Vien Ngoc Xanh Hotel,https://www.booking.com/hotel/vn/oyo-1147-vien-ngoc-xanh.vi.html
561,An Nam Corner- Sky,https://www.booking.com/hotel/vn/an-nam-corner-sky.vi.html
562,White Lion Hotel,https://www.booking.com/hotel/vn/white-lion.vi.html
563,Happy Life Hotel,https://www.booking.com/hotel/vn/liberty-saigon-south.vi.html
564,Bin Bin Hotel 2 - Near Him Lam D7,https://www.booking.com/hotel/vn/bin-bin-2.vi.html
565,Cabana Hotel SaiGon,https://www.booking.com/hotel/vn/cat.vi.html
566,Khách sạn Phương Ly,https://www.booking.com/hotel/vn/khach-san-phuong-ly.vi.html
567,The Airport Hotel,https://www.booking.com/hotel/vn/the-airport.vi.html
568,Vien Dong Hotel,https://www.booking.com/hotel/vn/vien-dong.vi.html
569,Capri by Fraser Ho Chi Minh City,https://www.booking.com/hotel/vn/capri-by-fraser-ho-chi-minh-city.vi.html
570,H79 HOTEL,https://www.booking.com/hotel/vn/h79-tan-binh.vi.html
571,HoLo Fairy House Saigon - Serviced Homestay,https://www.booking.com/hotel/vn/holo-fairy-house-saigon-homestay.vi.html
572,Simmi Apartment,https://www.booking.com/hotel/vn/ruby-luxury-apartment-tp-ho-chi-minh.vi.html
573,TD Hotel Saigon,https://www.booking.com/hotel/vn/hong-thien-loc-2.vi.html
574,Bonita Boutique Hotel,https://www.booking.com/hotel/vn/bonita-boutique.vi.html
575,Yen Trang 2 Hotel,https://www.booking.com/hotel/vn/yen-trang-2.vi.html
576,Sky House Hostel,https://www.booking.com/hotel/vn/sky-house-homstay.vi.html
577,Christine - Private Room,https://www.booking.com/hotel/vn/luxury-private-room-vinhome-central-park.vi.html
578,California Hotel,https://www.booking.com/hotel/vn/california-tp-ho-chi-minh.vi.html
579,Grand Cititel Central Saigon Hotel,https://www.booking.com/hotel/vn/ngoc-ha-tp-ho-chi-minh.vi.html
580,Hoang Trieu Hotel,https://www.booking.com/hotel/vn/hoang-trieu.vi.html
581,Silverland Sil Hotel &amp; Spa,https://www.booking.com/hotel/vn/silverland-sil-hotel-amp-spa.vi.html
582,Thien Vu Hotel,https://www.booking.com/hotel/vn/thien-vu.vi.html
583,Central Park Saigon Hotel,https://www.booking.com/hotel/vn/hong-vy-1.vi.html
584,Doha 2 Hotel Saigon Airport,https://www.booking.com/hotel/vn/doha-saigon-airport.vi.html
585,RedDoorz Premium @ Hang Xanh,https://www.booking.com/hotel/vn/reddoorz-premium-near-pearl-plaza.vi.html
586,Ngoc Linh Hotel,https://www.booking.com/hotel/vn/oyo-338-ngoc-linh.vi.html
587,LiLiHomes Thao Dien,https://www.booking.com/hotel/vn/seven-thao-dien.vi.html
588,Blue Diamond Hotel,https://www.booking.com/hotel/vn/blue-diamond.vi.html
589,Caroline Hotel,https://www.booking.com/hotel/vn/caroline.vi.html
590,Spring Light Home,https://www.booking.com/hotel/vn/spring-light-home-ho-chi-minh.vi.html
591,The Wooden Apartments - In the heart of Ben Thanh,https://www.booking.com/hotel/vn/the-wooden-apartments-ho-chi-minh-city.vi.html
592,RedDoorz @ Pham Ngu Lao Street 3,https://www.booking.com/hotel/vn/nam-long.vi.html
593,Thien Phu Hotel,https://www.booking.com/hotel/vn/thien-phu-ho-chi-minh-city.vi.html
594,Me Gustas MetroPoint,https://www.booking.com/hotel/vn/ha-hien.vi.html
595,Sky Gem Hotel Sora,https://www.booking.com/hotel/vn/blue-diamond-signature.vi.html
596,RedDoorz near Vincom Go Vap 2,https://www.booking.com/hotel/vn/reddoorz-near-vincom-go-vap-2.vi.html
597,A25 Hotel - 307 Lý Tự Trọng,https://www.booking.com/hotel/vn/a25-ly-tu-trong.vi.html
598,Angela Boutique Serviced Residence,https://www.booking.com/hotel/vn/angela-boutique-serviced-residence.vi.html
599,A25 Hotel - 13 Bùi Thị Xuân,https://www.booking.com/hotel/vn/a25-13-bui-thi-xuan.vi.html
600,RedDoorz Plus near E-Town 2,https://www.booking.com/hotel/vn/reddoorz-plus-near-e-town-2.vi.html
601,Athena Hotel,https://www.booking.com/hotel/vn/athena.vi.html
602,Valentine Hotel,https://www.booking.com/hotel/vn/valentine.vi.html
603,Vinhomes Luxury - Homes by Christine,https://www.booking.com/hotel/vn/wow-home-by-christine.vi.html
604,RedDoorz Thinh Gia Phat Hotel,https://www.booking.com/hotel/vn/thinh-gia-phat.vi.html
605,Queen Central Apartment Hotel,https://www.booking.com/hotel/vn/mai-ha-lan-1.vi.html
606,Vinhomes Central Park - Christine Properties,https://www.booking.com/hotel/vn/vinhome-central-park-l3-17-01.vi.html
607,YHD Hotel,https://www.booking.com/hotel/vn/yhd.vi.html
608,RedDoorz Yen Nam - Nguyen Trong Tuyen Street,https://www.booking.com/hotel/vn/yen-nam.vi.html
609,A&amp;EM Saigon Hotel,https://www.booking.com/hotel/vn/aem-corner-saigon.vi.html
610,SECC 3 APARTMENT,https://www.booking.com/hotel/vn/secc-3-apartment.vi.html
611,Adora Hotel,https://www.booking.com/hotel/vn/kelly-hotel.vi.html
612,Ngan Ha Hotel,https://www.booking.com/hotel/vn/ngan-ha-ho-tel.vi.html
613,HANZ Huong Mai Hotel,https://www.booking.com/hotel/vn/huong-mai.vi.html
614,A25 Hotel - 25 Trương Định,https://www.booking.com/hotel/vn/xavier.vi.html
615,Dong Du Hotel,https://www.booking.com/hotel/vn/dong-du.vi.html
616,Winston Hotel,https://www.booking.com/hotel/vn/winston.vi.html
617,Minh Hoang Hotel,https://www.booking.com/hotel/vn/huy-hoang-2-ho-chi-minh-city.vi.html
618,Hoàng Ngân Hotel and Suites - City Centre,https://www.booking.com/hotel/vn/hoang-ngan.vi.html
619,Elios Hotel,https://www.booking.com/hotel/vn/elios.vi.html
620,Ngoc Loan Hotel,https://www.booking.com/hotel/vn/ngocloan.vi.html
621,TTC Hotel - Airport,https://www.booking.com/hotel/vn/ttc-hotel-deluxe-airport.vi.html
622,City View Hotel &amp; Spa,https://www.booking.com/hotel/vn/hoang-lien.vi.html
623,Sai Gon River Hotel,https://www.booking.com/hotel/vn/sai-gon-river.vi.html
624,Ramana Saigon Hotel,https://www.booking.com/hotel/vn/ramana-saigon.vi.html
625,RedDoorz Plus near Phan Xich Long,https://www.booking.com/hotel/vn/new-star-tp-ho-chi-minh.vi.html
626,Golf Star Hotel,https://www.booking.com/hotel/vn/golf-star.vi.html
627,Saigon Hanoi Central Hotel,https://www.booking.com/hotel/vn/saigon-hanoi-central.vi.html
628,OYO 476 Van Anh Hotel,https://www.booking.com/hotel/vn/oyo-476-van-anh.vi.html
629,Wooden Apartment Bui Vien,https://www.booking.com/hotel/vn/wooden-apartment-bui-vien.vi.html
630,Vien Dong Hotel 2,https://www.booking.com/hotel/vn/vien-dong-2.vi.html
631,APOLLO HOTEL,https://www.booking.com/hotel/vn/apollo.vi.html
632,Lucky Star Hotel 266 De Tham,https://www.booking.com/hotel/vn/new-pearl.vi.html
633,Nhat Minh Anh Hotel,https://www.booking.com/hotel/vn/nhat-minh-anh.vi.html
634,Sunflowers Hotel,https://www.booking.com/hotel/vn/sunflowers.vi.html
635,Metro Points HCM Hotel- Bến Thành Market,https://www.booking.com/hotel/vn/mai-gia-huy.vi.html
636,Giang Linh Hotel,https://www.booking.com/hotel/vn/giang-linh.vi.html
637,Ace Hotel Ben Thanh,https://www.booking.com/hotel/vn/ha-my-2.vi.html
638,Hai Dang Hotel,https://www.booking.com/hotel/vn/hai-dang-thu-duc.vi.html
639,Tan Son Nhat Saigon Hotel,https://www.booking.com/hotel/vn/tan-son-nhat-saigon.vi.html
640,Phương Linh Hotel,https://www.booking.com/hotel/vn/phuong-linh-tan-binh.vi.html
641,HANZ Sunflower Hotel &amp; Spa Saigon,https://www.booking.com/hotel/vn/sunflower-hotel-hochiminh.vi.html
642,Khách sạn Trường Sơn,https://www.booking.com/hotel/vn/khach-san-truong-son.vi.html
643,Phu Tho Hotel,https://www.booking.com/hotel/vn/phu-tho.vi.html
644,Minh Tam Hotel and Spa,https://www.booking.com/hotel/vn/pearl-palace.vi.html
645,Silverland Central Hotel,https://www.booking.com/hotel/vn/tan-hai-long.vi.html
646,Bong Sen Hotel Saigon,https://www.booking.com/hotel/vn/bong-sen-saigon.vi.html
647,Vietdream Hostel,https://www.booking.com/hotel/vn/vietdreamtravel-hostel.vi.html
648,The Spring Hotel,https://www.booking.com/hotel/vn/the-spring.vi.html
649,Hoang Anh Star Hotel,https://www.booking.com/hotel/vn/hoang-anh-star.vi.html
650,Saigonciti Hotel,https://www.booking.com/hotel/vn/saigonciti.vi.html
651,Minh Tam Hotel &amp; Spa 3/2,https://www.booking.com/hotel/vn/khai-hoan-apartment-hotel-dictrict-10.vi.html
652,RedDoorz Bro Hotel,https://www.booking.com/hotel/vn/reddoorz-near-mien-tay-bus-station.vi.html
653,Thuong Hai Hotel,https://www.booking.com/hotel/vn/thuong-hai-quan-5.vi.html
654,Bin Bin Hotel 1 - Near RMIT University,https://www.booking.com/hotel/vn/bin-bin.vi.html
655,Minh Khang Hotel,https://www.booking.com/hotel/vn/minh-khang.vi.html
656,Smiley Apartment 2,https://www.booking.com/hotel/vn/smiley-apartment-2.vi.html
657,Koniko Hotel,https://www.booking.com/hotel/vn/dai-huy-hoang.vi.html
658,Aurora Hotel,https://www.booking.com/hotel/vn/aurora-quan-3.vi.html
659,Hoang Ha Hotel,https://www.booking.com/hotel/vn/hoang-ha.vi.html
660,Sao Nam Hotel - Bui Vien Walking Street,https://www.booking.com/hotel/vn/sao-nam-southern-star.vi.html
661,Nam Hy1 Hotel,https://www.booking.com/hotel/vn/nam-hy1.vi.html
662,HoLo Ben Thanh Saigon - Serviced HomeStay,https://www.booking.com/hotel/vn/holo-fairy-houses-ben-thanh-serviced-homestay.vi.html
663,Happy Land Hotel,https://www.booking.com/hotel/vn/happy-land-hcm.vi.html
664,Vuong Quang Hotel,https://www.booking.com/hotel/vn/vuong-quang.vi.html
665,Thanh Lan Hotel,https://www.booking.com/hotel/vn/thanh-lan.vi.html
666,Venus Hotel,https://www.booking.com/hotel/vn/venus-ho-chi-minh-city.vi.html
667,123 Apartment with Central View,https://www.booking.com/hotel/vn/2br-central-saigon-apartment-with-balcony-in-bui-vien-walking-street.vi.html
668,Cochin Sang Hotel,https://www.booking.com/hotel/vn/alagon-western.vi.html
669,The Lancaster Saigon Service Apartment,https://www.booking.com/hotel/vn/the-lancaster-saigon-service-apartment.vi.html
670,Du Homestay 7,https://www.booking.com/hotel/vn/du-homestay-hoang-sa-d3.vi.html
671,Doha 1 Hotel Saigon Airport,https://www.booking.com/hotel/vn/doha.vi.html
672,Trường Cán Bộ Quản Lý Nông Nghiệp Và Phát Triển Nông Thôn 2,https://www.booking.com/hotel/vn/truong-can-bo-quan-ly-nong-nghiep-va-phat-trien-nong-thon-2.vi.html
673,Bao Long Hotel,https://www.booking.com/hotel/vn/bao-long-ho-chi-minh-city1.vi.html
674,A in Hotel Glamour,https://www.booking.com/hotel/vn/a-in-glamour.vi.html
675,SUPERTRAMP'S HOUSE,https://www.booking.com/hotel/vn/supertramp-39-s-house.vi.html
676,Joy Inn Cong Hoa Hotel,https://www.booking.com/hotel/vn/joyinn-tan-binh1.vi.html
677,Me Gustas Central Hotel,https://www.booking.com/hotel/vn/a-em-19-dong-du.vi.html
678,TN Central Hotel,https://www.booking.com/hotel/vn/n-y-kim-phuong.vi.html
679,HAPPYHOMES 102 Luxury Bui Vien Apartment,https://www.booking.com/hotel/vn/luxury-bui-vien-walking-street-in-sai-gon.vi.html
680,HANZ Vuon Saigon Hotel 781 Le Hong Phong,https://www.booking.com/hotel/vn/saigon-garden-hotel.vi.html
681,Classy Indochine - The Riverside,https://www.booking.com/hotel/vn/otro-hostel.vi.html
682,Melinda Hotel,https://www.booking.com/hotel/vn/melinda.vi.html
683,Smiley Apartment 8,https://www.booking.com/hotel/vn/smiley-apartment-8.vi.html
684,Vaccinated Staff - OYO 397 Thanh Dat,https://www.booking.com/hotel/vn/thanh-dat-binh-tan.vi.html
685,RedDoorz near Gia Dinh Park,https://www.booking.com/hotel/vn/hon-en.vi.html
686,White Lotus Hotel,https://www.booking.com/hotel/vn/white-lotus.vi.html
687,RedDoorz near Saigon Train Station 2,https://www.booking.com/hotel/vn/reddoorz-near-saigon-train-station-2.vi.html
688,Sophia Hotel,https://www.booking.com/hotel/vn/sophia-ho-chi-minh-city.vi.html
689,First Hotel,https://www.booking.com/hotel/vn/first.vi.html
690,Ánh Thiên Hotel,https://www.booking.com/hotel/vn/anh-thien.vi.html
691,Galaxy Hotel,https://www.booking.com/hotel/vn/galaxy-go-vap.vi.html
692,RedDoorz near Him Lam,https://www.booking.com/hotel/vn/reddoorz-near-him-lam.vi.html
693,OYO 975 Trung Nam Hotel,https://www.booking.com/hotel/vn/trung-nam.vi.html
694,Vinhomes,https://www.booking.com/hotel/vn/vinhomes.vi.html
695,A&amp;EM 280 Le Thanh Ton Hotel &amp; Spa,https://www.booking.com/hotel/vn/a-amp-em-280-le-thanh-ton.vi.html
696,Holiday Hotel,https://www.booking.com/hotel/vn/holiday-ho-chi-minh.vi.html
697,Golden Central Hotel Saigon,https://www.booking.com/hotel/vn/golden-saigon.vi.html
698,A25 Hotel - 20 Bùi Thị Xuân,https://www.booking.com/hotel/vn/a25-bui-thi-xuan-20.vi.html
699,Ha Long Hotel Thủ Đức,https://www.booking.com/hotel/vn/ha-long-tp-ho-chi-minh.vi.html
700,Ibis Saigon South,https://www.booking.com/hotel/vn/ibis-saigon-south.vi.html
701,Anh Dao Hotel,https://www.booking.com/hotel/vn/anh-dao-ho-chi-minh-city1.vi.html
702,Khang An Hotel,https://www.booking.com/hotel/vn/khang-an.vi.html
703,Thanh Phong Hotel,https://www.booking.com/hotel/vn/thanh-phong.vi.html
704,Atana Hotel,https://www.booking.com/hotel/vn/atana.vi.html
705,Ngoi Sao Phuong Nam Hotel,https://www.booking.com/hotel/vn/ngoi-sao-phuong-nam.vi.html
706,A25 Hotel - 180 Nguyễn Trãi,https://www.booking.com/hotel/vn/a25-182-nguyen-trai.vi.html
707,Nhật Vân 1,https://www.booking.com/hotel/vn/nhat-van-1-quan-10.vi.html
708,Signature Boutique Hotel,https://www.booking.com/hotel/vn/signature-boutique.vi.html
709,Iris Hotel,https://www.booking.com/hotel/vn/iris.vi.html
710,A25 Hotel - 06 Trương Định,https://www.booking.com/hotel/vn/hong-hac-ho-chi-minh-city.vi.html
711,Song Xanh Hotel near SECC - FV,https://www.booking.com/hotel/vn/oyo-171-song-xanh.vi.html
712,Minh Tuan Hotel,https://www.booking.com/hotel/vn/khach-san-minh-tuan.vi.html
713,Ruby Star RedDoorz Hotel,https://www.booking.com/hotel/vn/ruby-star-2.vi.html
714,OYO 486 Nhat Nhat Hotel,https://www.booking.com/hotel/vn/oyo-486-nhat-nhat.vi.html
715,Sense Legend Hotel &amp; Spa,https://www.booking.com/hotel/vn/chau-khang.vi.html
716,HÀ MY HOTEL,https://www.booking.com/hotel/vn/ha-my-tp-ho-chi-minh.vi.html
717,Airport Saigon Hotel - Gần ẩm thực đêm chợ Phạm Văn Hai,https://www.booking.com/hotel/vn/airport-lucky-star.vi.html
718,Kim Yen Hotel,https://www.booking.com/hotel/vn/kimyen.vi.html
719,A&amp;EM Art Hotel,https://www.booking.com/hotel/vn/vina-terrace-hotel.vi.html
720,The Blue Airport Hotel,https://www.booking.com/hotel/vn/the-blue.vi.html
721,"TRESOR POOL GYM, ROSE HOME STUDIOS",https://www.booking.com/hotel/vn/tresor-pool-gym-rose-home-studios.vi.html
722,Cicilia Saigon Hotels &amp; Spa,https://www.booking.com/hotel/vn/cicilia-saigon-amp-spa.vi.html
723,Queen Central Hotel,https://www.booking.com/hotel/vn/queen-central-hcmc.vi.html
724,Joviale Hotel,https://www.booking.com/hotel/vn/joviale-hotel.vi.html
725,Oscar Saigon Hotel,https://www.booking.com/hotel/vn/oscar-saigon.vi.html
726,Eden Garden Hotel,https://www.booking.com/hotel/vn/eden-garden.vi.html
727,Scandinavian Apartment with Balcony in Bui Vien,https://www.booking.com/hotel/vn/scandinavian-apartment-with-balcony-in-bui-vien.vi.html
728,RedDoorz near Gia Dinh International Hospital 4,https://www.booking.com/hotel/vn/reddoorz-near-gia-dinh-international-hospital-4.vi.html
729,RedDoorz @ Nguyen Kiem Street,https://www.booking.com/hotel/vn/van-giao.vi.html
730,Liberty Hotel Saigon Parkview,https://www.booking.com/hotel/vn/libertyfour.vi.html
731,A&amp;EM Phan Boi Chau,https://www.booking.com/hotel/vn/a-em-phan-boi-chau.vi.html
732,Senses Central Hotel,https://www.booking.com/hotel/vn/senses-central.vi.html
733,OYO 372 Vy Hà Hotel,https://www.booking.com/hotel/vn/oyo-372-vy-ha.vi.html
734,Tan Thu Do 2 Hotel 新首都2飯店,https://www.booking.com/hotel/vn/tan-thu-do-2.vi.html
735,Valentine Hotel Saigon - Bùi Viện Street,https://www.booking.com/hotel/vn/aston-hotel-saigon.vi.html
736,DDA Hotel District 1- Bùi Viện-Đề Thám Walking Street,https://www.booking.com/hotel/vn/bizu-district-1.vi.html
737,Ruby Saigon Hotel and Suites - Ben Thanh,https://www.booking.com/hotel/vn/hoang-phuong.vi.html
738,A25 Hotel - 35 Mạc Thị Bưởi,https://www.booking.com/hotel/vn/dongdo.vi.html
739,Anh Duy Hotel - Nguyễn Công Trứ The Bitexco Neighbour,https://www.booking.com/hotel/vn/anh-duy.vi.html
740,Victory Sai Gon Hotel,https://www.booking.com/hotel/vn/victory.vi.html
741,Minh Chau Hotel,https://www.booking.com/hotel/vn/minh-chau-lan-anh.vi.html
742,HappyHomes Boutique Trịnh Văn Cấn,https://www.booking.com/hotel/vn/quynh-kim.vi.html
743,Erato Boutique Hotel,https://www.booking.com/hotel/vn/erato-boutique.vi.html
744,Truong Giang Hotel,https://www.booking.com/hotel/vn/truong-giang-ho-chi-minh-city.vi.html
745,Lotus Saigon Hotel,https://www.booking.com/hotel/vn/new-epoch.vi.html
746,RedDoorz near Tan Dinh Market 3,https://www.booking.com/hotel/vn/reddoorz-near-tan-dinh-market-3.vi.html
747,RedDoorz Plus near Nowzone Plaza,https://www.booking.com/hotel/vn/reddoorz-plus-near-nowzone-plaza.vi.html
748,RedDoorz @ Phan Huy Ich Street,https://www.booking.com/hotel/vn/reddoorz-phan-huy-ich-street.vi.html
749,HONG CUC Hotel,https://www.booking.com/hotel/vn/khach-san-hong-cuc.vi.html
750,Sao Mai Hotel,https://www.booking.com/hotel/vn/sao-mai-ho-chi-minh-city1.vi.html
751,Saigon Hanoi Hotel,https://www.booking.com/hotel/vn/ho-sen-lotus-lake.vi.html
752,RedDoorz near Tan Huong Market 2,https://www.booking.com/hotel/vn/reddoorz-near-tan-huong-market-2.vi.html
753,My Friends Hotel,https://www.booking.com/hotel/vn/my-friends.vi.html
754,An Binh 2 Hotel,https://www.booking.com/hotel/vn/anbinh2.vi.html
755,Khách sạn Mai Lan,https://www.booking.com/hotel/vn/khach-san-mai-lan.vi.html
756,Dong Khanh Hotel,https://www.booking.com/hotel/vn/dong-khanh.vi.html
757,Rosa Hotel &amp; Spa,https://www.booking.com/hotel/vn/tuan-phuong.vi.html
758,Anh Tram Hotel,https://www.booking.com/hotel/vn/anh-tram.vi.html
759,Hoang Oanh Hotel,https://www.booking.com/hotel/vn/hoang-oanh-tp-ho-chi-minh.vi.html
760,Eden Hotel Sài gòn,https://www.booking.com/hotel/vn/eden-ho-chi-minh-city.vi.html
761,Khách sạn Hà Bảo Châu 1,https://www.booking.com/hotel/vn/khach-san-ha-bao-chau-1-hcm.vi.html
762,Valleyway Home,https://www.booking.com/hotel/vn/alleyway-home.vi.html
763,Aqua Hoa My Hotel,https://www.booking.com/hotel/vn/oyo-625-hoa-my.vi.html
764,99 Bui Vien Hotel (Boutique),https://www.booking.com/hotel/vn/n-amp-n.vi.html
765,A&amp;EM - The Petit Hotel,https://www.booking.com/hotel/vn/the-petit.vi.html
766,Saigon By Night Boutique Hotel,https://www.booking.com/hotel/vn/boutique-luxury.vi.html
767,Aqua Nhu Huynh Hotel,https://www.booking.com/hotel/vn/oyo-624-nhu-huynh.vi.html
768,Asian Hotel,https://www.booking.com/hotel/vn/asian.vi.html
769,OYO 373 Habana Hotel,https://www.booking.com/hotel/vn/habana-tp-ho-chi-minh.vi.html
770,Me Gustas Downtown Hotel (Formerly Dragon Palace 3 Hotel),https://www.booking.com/hotel/vn/dragon-palace-iii.vi.html
771,Vilion Boutique Hotel Ben Thanh,https://www.booking.com/hotel/vn/symphony-hotel-ho-chi-minh.vi.html
772,Duc Long Hotel,https://www.booking.com/hotel/vn/khach-san-duc-long-ho-chi-minh1.vi.html
773,RedDoorz Bui Vien Walking Street,https://www.booking.com/hotel/vn/phung-hoang-gold-palace.vi.html
774,Green Star Hotel,https://www.booking.com/hotel/vn/green-star.vi.html
775,Nhu Y Hotel,https://www.booking.com/hotel/vn/nhu-y.vi.html
776,Palace Hotel Saigon,https://www.booking.com/hotel/vn/palace-saigon.vi.html
777,Sen Saigon Hotel,https://www.booking.com/hotel/vn/sen-saigon-hotel.vi.html
778,Hotel Nhu Y 2,https://www.booking.com/hotel/vn/nhu-y-2.vi.html
779,Emerald Boutique Hotel,https://www.booking.com/hotel/vn/asian-ruby2.vi.html
780,SPOT ON 726 Sakura Hostel Saigon,https://www.booking.com/hotel/vn/sakura-hostel-saigon.vi.html
781,Bonita THT,https://www.booking.com/hotel/vn/bonita-tht.vi.html
782,Hoang Long Son 2,https://www.booking.com/hotel/vn/hoang-long-son-2.vi.html
783,ANH KHOA 1 HOTEL Quận 2,https://www.booking.com/hotel/vn/oyo-275-anh-khoa-1.vi.html
784,RedDoorz Plus near Nga Tu Binh Phuoc,https://www.booking.com/hotel/vn/khach-san-phuong-thuy.vi.html
785,Ambassador Saigon Hotel,https://www.booking.com/hotel/vn/family-inn-saigon.vi.html
786,Tan Da Hotel,https://www.booking.com/hotel/vn/tan-da.vi.html
787,95 Lam Son Hotel,https://www.booking.com/hotel/vn/95-lam-son.vi.html
788,Aqua Long Son Hotel,https://www.booking.com/hotel/vn/long-son-tp-ho-chi-minh.vi.html
789,Bonita Grand Hotel,https://www.booking.com/hotel/vn/bonita-grand.vi.html
790,Spring House Hotel,https://www.booking.com/hotel/vn/spring-house.vi.html
791,NGAN HA Hotel,https://www.booking.com/hotel/vn/oyo-579-vien-long.vi.html
792,Bonita Signature Hotel,https://www.booking.com/hotel/vn/bonita-signature-hote.vi.html
793,RedDoorz Plus near Ben Thanh Market,https://www.booking.com/hotel/vn/reddoorz-plus-near-ben-thanh-market.vi.html
794,HANZ Meraki Hotel Bui Vien Walking Street,https://www.booking.com/hotel/vn/saigon-mini-5.vi.html
795,THE SIX HOTEL-Hoang Long Son 3,https://www.booking.com/hotel/vn/hoang-long-son-3-thu-duc.vi.html
796,Nhat Van Hotel,https://www.booking.com/hotel/vn/nhat-van.vi.html
797,The One Hotel Selection - Ben Thanh Market,https://www.booking.com/hotel/vn/khach-san-a.vi.html
798,ACE Hotel - Bến Thành,https://www.booking.com/hotel/vn/ruby-star.vi.html
799,RedDoorz @ Phan Dang Luu Street,https://www.booking.com/hotel/vn/reddoorz-phan-dang-luu-street.vi.html
800,Ky Hoa Hotel Ho Chi Minh,https://www.booking.com/hotel/vn/ky-hoa-ho-chi-minh.vi.html
801,New Sunny Hotel,https://www.booking.com/hotel/vn/new-sunny.vi.html
802,OYO 424 Minh Anh Hotel,https://www.booking.com/hotel/vn/minh-anh-go-vap.vi.html
803,Happy House,https://www.booking.com/hotel/vn/home4all-3-homestay.vi.html
804,Palago Hotel,https://www.booking.com/hotel/vn/lafelix.vi.html
805,Aqua Kim Long Hotel,https://www.booking.com/hotel/vn/kim-long-ho-chi-minh-city.vi.html
806,Quý Hùng Hotel - City Centre,https://www.booking.com/hotel/vn/quy-hung.vi.html
807,Nouveau Happy Inn - close to NewWorld Bến Thành,https://www.booking.com/hotel/vn/happy-inn.vi.html
808,Golden Crown Hotel,https://www.booking.com/hotel/vn/golden-crown.vi.html
809,Platinum Ben Thanh Hotel,https://www.booking.com/hotel/vn/smile-residence.vi.html
810,AHA Boutique Hotel,https://www.booking.com/hotel/vn/aha-boutique.vi.html
811,Vilion Central Hotel,https://www.booking.com/hotel/vn/vilion.vi.html
812,Saigon Charm Hotel,https://www.booking.com/hotel/vn/saigon-charm.vi.html
813,Ha Vy Hotel,https://www.booking.com/hotel/vn/ha-vy.vi.html
814,OYO 261 Binh Dung Hotel,https://www.booking.com/hotel/vn/khach-san-binh-dung-phu-nhuan1.vi.html
815,The Arrivals Tower-Near Airport-10 stars,https://www.booking.com/hotel/vn/the-arrivals-tower-near-airport-10-minutes-high-class-service-apt.vi.html
816,8B Hotel,https://www.booking.com/hotel/vn/8b-quan-1.vi.html
817,La Vita Thảo Điền,https://www.booking.com/hotel/vn/my-life-thao-dien.vi.html
818,Central View Motel,https://www.booking.com/hotel/vn/central-view-motel-tp-ho-chi-minh.vi.html
819,Homes by Christine - Vinhomes Central Park,https://www.booking.com/hotel/vn/homes-by-christine-vinhomes-central-park.vi.html
820,My House,https://www.booking.com/hotel/vn/my-house-quan-1.vi.html
821,Central View Apartment,https://www.booking.com/hotel/vn/central-view-apartment-tp-ho-chi-minh12.vi.html
822,RIVIERA POINT Condo in Phú Mỹ Hưng#River View#SECC#D7,https://www.booking.com/hotel/vn/riviera-point-condo-in-phu-my-hung-river-view-secc-d7.vi.html
823,The Downtown Homestay,https://www.booking.com/hotel/vn/the-downtown-homestay-ho-chi-minh.vi.html
824,Lily's home• Masteri Thảo Điền D2,https://www.booking.com/hotel/vn/lilys-home-masteri-thao-dien-d2.vi.html
825,Rivergate - SAY YAY Apartments,https://www.booking.com/hotel/vn/millennium-say-yay-apartments.vi.html
826,BMC Chillaxroom,https://www.booking.com/hotel/vn/bmc-chillaxroom-2.vi.html
827,Mei House - Saigon Royal Residence,https://www.booking.com/hotel/vn/mei-house-quan-4.vi.html
828,Saigon Cozy Hotel - Pham Ngu Lao &amp; Bui Vien Street,https://www.booking.com/hotel/vn/saigon-cozy-pham-ngu-lao-amp-bui-vien-street-quan-1.vi.html
829,My House 913,https://www.booking.com/hotel/vn/my-house-913.vi.html
830,"The Saigon Royal, The Oak wooden 2 bedrooms stunning view with bathtub",https://www.booking.com/hotel/vn/the-saigon-royal-the-oak-wooden-2-bedrooms-stunning-view-with-bathtub.vi.html
831,Căn hộ cao cấp River Gate,https://www.booking.com/hotel/vn/can-ho-cao-cap-river-gate-quan-4.vi.html
832,Thao Trang Laluxe Hotel Saigon,https://www.booking.com/hotel/vn/thao-trang-laluxe-saigon-tp-ho-chi-minh12345678910.vi.html
833,Hoshi Apartment,https://www.booking.com/hotel/vn/lucky-home-apartment-binh-thanh.vi.html
834,SaiGon Huch Villa,https://www.booking.com/hotel/vn/sai-gon-huch-villa.vi.html
835,Luxury Vinhomes Central Park (Jenny homes),https://www.booking.com/hotel/vn/luxury-vinhomes-central-park-jenny-homes-tp-ho-chi-minh.vi.html
836,Saigon Royal Homestay,https://www.booking.com/hotel/vn/saigon-royal-homestay-quan-4.vi.html
837,PANDORA HOUSE,https://www.booking.com/hotel/vn/pandora-house-quan-101.vi.html
838,Cozrum Homes - Summer's House,https://www.booking.com/hotel/vn/cozrum-homes-summers-house.vi.html
839,Căn hộ 1 Phòng ngủ The Manor 2,https://www.booking.com/hotel/vn/the-manor-2-ho-chi-minh1.vi.html
840,Tresor lovely condo 3 bedrooms in center,https://www.booking.com/hotel/vn/tresor-lovely-condo-3-bedrooms-in-center.vi.html
841,Luxury The Goldview Apartment 2 bedroom Sub-Penthouse in Distric 4 FREE pool gym,https://www.booking.com/hotel/vn/2-bedroom-sub-penthouse-in-d4-free-gym-pool.vi.html
842,SaiGon Rose Hotel,https://www.booking.com/hotel/vn/sai-gon-rose.vi.html
843,Sunshine Garden,https://www.booking.com/hotel/vn/sunshine-garden-quan-712.vi.html
844,Luxury Gold Apartment 86,https://www.booking.com/hotel/vn/luxury-gold-apartment-86.vi.html
845,D4 Apartment,https://www.booking.com/hotel/vn/d4-apartment.vi.html
846,Canary - Đảo Kim Cương,https://www.booking.com/hotel/vn/canary-dao-kim-cuong.vi.html
847,F-Hotel &amp; Apartment,https://www.booking.com/hotel/vn/f-amp-apartment-tp-ho-chi-minh.vi.html
848,Villa 86,https://www.booking.com/hotel/vn/1986-villa.vi.html
849,Saigon Luxury Apartment in Quận 1 - Dinh Độc Lập,https://www.booking.com/hotel/vn/saigon-skyline-luxury-in-district-1.vi.html
850,Căn hộ New city,https://www.booking.com/hotel/vn/can-ho-new-city.vi.html
851,"Central Apartments - Vinhomes Central Park, Landmark 81 Area &amp; Ice Skating Rink",https://www.booking.com/hotel/vn/central-apartments-free-pool-amp-gym-vinhomes-central-park.vi.html
852,Hotel MTT,https://www.booking.com/hotel/vn/hotelmtt.vi.html
853,"Classic Apartment - Vinhomes Central Park, Landmark &amp; Ice Rink",https://www.booking.com/hotel/vn/classic-apartment-vinhomes-central-park-landmark-amp-ice-rink.vi.html
854,Aloha aparthotel - City centre,https://www.booking.com/hotel/vn/aloha-aparthotel-city-centre.vi.html
855,La Casona Hotel,https://www.booking.com/hotel/vn/la-casona-tp-ho-chi-minh.vi.html
856,Imai House,https://www.booking.com/hotel/vn/imai-house-quan-10.vi.html
857,The Saigon Royal amazing apartment in center,https://www.booking.com/hotel/vn/the-saigon-royal-amazing-apartment-in-center.vi.html
858,Charmaine's Hotel &amp; Apartment,https://www.booking.com/hotel/vn/charmaine-39-s-amp-apartment-quan-7.vi.html
859,TRESOR POOL GYM ROSE HOME 2 BEDROOMS APT,https://www.booking.com/hotel/vn/tresor-pool-gym-rose-home-2-bedrooms-apt.vi.html
860,RedDoorz Song Anh Tan Binh,https://www.booking.com/hotel/vn/reddoorz-song-anh-tan-binh.vi.html
861,Saigon Royal 2 bedrooms amazing view,https://www.booking.com/hotel/vn/saigon-royal-2-bedrooms-amazing-view.vi.html
862,The Friday homestay - City Centre,https://www.booking.com/hotel/vn/friday-luxury-apartment-city-centre.vi.html
863,SONNET HOTEL,https://www.booking.com/hotel/vn/sonnet.vi.html
864,River gate,https://www.booking.com/hotel/vn/river-gate-quan-4123456789101112131415161718.vi.html
865,JT MIA - Thao Dien Cozy and Spacious Place,https://www.booking.com/hotel/vn/jt-mia-thao-dien-cozy-and-spacious-place.vi.html
866,Lam Kinh Hotel,https://www.booking.com/hotel/vn/lam-kinh-tp-ho-chi-minh.vi.html
867,Urban Sài Gòn Nguyễn Thị Minh Khai,https://www.booking.com/hotel/vn/plastic-homestay.vi.html
868,RedDoorz Quy Phuc Hotel,https://www.booking.com/hotel/vn/reddoorz-quy-phuc-quan-2.vi.html
869,*BOM HOMES* MASTERI MILLENNIUM APARTMENT,https://www.booking.com/hotel/vn/bom-homes-masteri-millennium-apartment.vi.html
870,GALAXY Hotel,https://www.booking.com/hotel/vn/galaxy-tan-binh1.vi.html
871,Hoàn Vũ Hotel,https://www.booking.com/hotel/vn/hoan-vu-tp-ho-chi-minh.vi.html
872,Saigon Boutique Apartment Quận 1 - Dinh Độc Lập,https://www.booking.com/hotel/vn/saigon-boutique-apartment-in-district-1.vi.html
873,Botanist Lab Minihotel by CIRCADIAN,https://www.booking.com/hotel/vn/botanist-lab-minihotel-by-stay-la-vie.vi.html
874,Xavia Thao Dien Apartment,https://www.booking.com/hotel/vn/xavia-thao-dien-apartment.vi.html
875,Vy Vy Airport Hotel,https://www.booking.com/hotel/vn/vy-vy-airport.vi.html
876,Lagom service apartment Ho chi minh city - airport,https://www.booking.com/hotel/vn/lagom-service-apartment-ho-chi-minh-city-airport.vi.html
877,Hamonica Thao Dien Apartment,https://www.booking.com/hotel/vn/hamonica-thao-dien-apartment.vi.html
878,Qhome,https://www.booking.com/hotel/vn/qhome-quan-10.vi.html
879,Bờ Sông Hotel,https://www.booking.com/hotel/vn/bo-song-go-vap1.vi.html
880,Villa Nghi Son Phu My Hung,https://www.booking.com/hotel/vn/villa-nghi-son-phu-my-hung-tp-ho-chi-minh.vi.html
881,RedDoorz Nguyen Khang Hotel,https://www.booking.com/hotel/vn/reddoorz-nguyen-khang-quan-2.vi.html
882,CIRCADIAN Serene Two-Bedroom Apartment,https://www.booking.com/hotel/vn/funky-quiet-2-bedrm-apartment-homestay-5-min-to-notre-dame-cathedral.vi.html
883,ZO APARTMENT RIVER GATE - Free Gym and Pool,https://www.booking.com/hotel/vn/zohomestay-river-gate-residence-fee-gym-and-pool.vi.html
884,Functional Studio-Saigon Home,https://www.booking.com/hotel/vn/functional-studio-saigon-center.vi.html
885,CIRCADIAN Airy Studio near Nguyen Hue,https://www.booking.com/hotel/vn/sunny-amp-spacious-homestay-apartment-in-downtown-5-min-walk-from-ben-thanh-mark.vi.html
886,KN HOLIDAY VILLA,https://www.booking.com/hotel/vn/kn-holiday-villa.vi.html
887,Blue Fingers Masteri An Phu,https://www.booking.com/hotel/vn/blue-fingers-inn.vi.html
888,Hoang Long Hotel Airport,https://www.booking.com/hotel/vn/hoang-long-airport-tan-binh.vi.html
889,Guest House UTTRANG,https://www.booking.com/hotel/vn/vu-ngoc-tam.vi.html
890,Landmark 81 Serviced Residences,https://www.booking.com/hotel/vn/teko-saigon-apartment-vinhomes-central-park.vi.html
891,Grand Lee Hotel,https://www.booking.com/hotel/vn/grand-lee.vi.html
892,GoDa Home,https://www.booking.com/hotel/vn/goda-home.vi.html
893,My Hotel,https://www.booking.com/hotel/vn/my-quan-1.vi.html
894,McGallery Art - Lucky Residence Suite's &amp; Apartments,https://www.booking.com/hotel/vn/lucky-residences-suites.vi.html
895,RedDoorz Yen Nam - Hoang Van Thu Street,https://www.booking.com/hotel/vn/yen-nam-hoang-van-thu.vi.html
896,AYA Homestay 3,https://www.booking.com/hotel/vn/aya-homestay-3-quan-11.vi.html
897,SAKI APARTHOTEL 4,https://www.booking.com/hotel/vn/saki-aparthotel-4.vi.html
898,"Sunwah Pearl Golden House-Amazing River View ,3 Br",https://www.booking.com/hotel/vn/sunwah-pearl-golden-house.vi.html
899,RIVERGATE-ALICE APARTMENT,https://www.booking.com/hotel/vn/rivergate-alice-apartment.vi.html
900,TDH Apartment,https://www.booking.com/hotel/vn/tdh-apartment-tan-binh.vi.html
901,Bare Chic - Bare Boutique Stays,https://www.booking.com/hotel/vn/bare-gallery-boutique-stays.vi.html
902,Chang ơi homestay,https://www.booking.com/hotel/vn/chang-oi-homestay-quan-1.vi.html
903,Binh An Hotel,https://www.booking.com/hotel/vn/binh-an-ho-chi-minh.vi.html
904,ZO APARTMENT TRESOR,https://www.booking.com/hotel/vn/zo-apartment-tresor.vi.html
905,Lá Hotel Hàng Xanh,https://www.booking.com/hotel/vn/la-hang-xanh.vi.html
906,"Vietnam d'Or Aparts - RiverGate Residence, Free Gym&amp;Pool",https://www.booking.com/hotel/vn/le-charme-2br-aparts-rivergate-residence-free-gym-amp-pool.vi.html
907,HANZ Friday Hotel 811 Le Hong Phong,https://www.booking.com/hotel/vn/hanz-city-view.vi.html
908,Sweet home 2BR - Masteri Thao Dien,https://www.booking.com/hotel/vn/sweet-home-2br-masteri-thao-dien.vi.html
909,"Vinhome central park , landmark 1",https://www.booking.com/hotel/vn/vinhome-central-park-apartment-landmark-1-building.vi.html
910,"Gold View APT 346 Ben Van Don, Phuong 1, Qaun 4",https://www.booking.com/hotel/vn/gold-view-apt-346-ben-van-don-phuong-1-qaun-4.vi.html
911,Khách sạn Thanh Thư,https://www.booking.com/hotel/vn/khach-san-thanh-thu-quan-1.vi.html
912,RedDoorz Premium Ura Hotel,https://www.booking.com/hotel/vn/reddoorz-premium-ura-quan-7.vi.html
913,Luxury Studio-SaiGon Center-Saigon Home,https://www.booking.com/hotel/vn/1-br-luxury-aprt-city-center.vi.html
914,Amor Hotel,https://www.booking.com/hotel/vn/amor.vi.html
915,J&amp;K Hotel,https://www.booking.com/hotel/vn/j-amp-k.vi.html
916,Lá Hotel Q10,https://www.booking.com/hotel/vn/la-quan-10.vi.html
917,RIVER GATE RESIDENCE 4 NEAR BÙI VIỆN-FOOD STREET,https://www.booking.com/hotel/vn/river-gate-residence-4-near-bui-vien-food-street.vi.html
918,Sai Gon's Book Hotel - The Airport Front,https://www.booking.com/hotel/vn/saigon-book.vi.html
919,Cherry Apartment - Thao Dien Centre,https://www.booking.com/hotel/vn/cherry-39-house-saigon-riverside-in-thao-dien-centre.vi.html
920,Nikko Apartments - The Classy Life,https://www.booking.com/hotel/vn/the-nikko-apartments.vi.html
921,Galaxy Hotel,https://www.booking.com/hotel/vn/galaxy-apartment-tp-ho-chi-minh.vi.html
922,Cozi 5 Service Apartment,https://www.booking.com/hotel/vn/cozi-8-service-apartment.vi.html
923,KN HOLIDAY APARTMENT,https://www.booking.com/hotel/vn/kn-holiday-apartment.vi.html
924,The Manor 2 Apartment - Unit 2106,https://www.booking.com/hotel/vn/the-manor-2-apartment-unit-2106.vi.html
925,Cozrum Smart - Shusimi House,https://www.booking.com/hotel/vn/cozrum-smart-shusimi-house-ho-chi-minh.vi.html
926,Lá Hotel,https://www.booking.com/hotel/vn/la-ho-chi-minh-city.vi.html
927,"TRESOR POOL &amp; GYM, THE SUNSET",https://www.booking.com/hotel/vn/tresor-pool-amp-gym-the-sunset.vi.html
928,Sang Apartment,https://www.booking.com/hotel/vn/td-apartment-quan-1.vi.html
929,Capitalland's Service Apartment Landmark 4 Vinhomes,https://www.booking.com/hotel/vn/capitalland-39-s-service-apartment-landmark-4-vinhomes.vi.html
930,Condodo Jimmy House,https://www.booking.com/hotel/vn/condodo-jimmy-house-quan-1.vi.html
931,Home,https://www.booking.com/hotel/vn/home-quan-tan-binh.vi.html
932,Cozrum Homes May's House,https://www.booking.com/hotel/vn/cozrum-homes-may-39-s-house.vi.html
933,Sen Spa Service Apartment,https://www.booking.com/hotel/vn/sen-spa-service-apartment.vi.html
934,Sunshine Luxury Hotel,https://www.booking.com/hotel/vn/sunshine-luxury-phu-my-hung-quan-7.vi.html
935,Phu My Hung Simmi Apartment,https://www.booking.com/hotel/vn/phu-my-hung-simmi-apartment.vi.html
936,A2VINA HOMESTAY,https://www.booking.com/hotel/vn/a2vina-homestay.vi.html
937,Wink Hotel Saigon Centre,https://www.booking.com/hotel/vn/wink-saigon-centre-ho-chi-minh-city.vi.html
938,Như Ý Hotel - City Centre,https://www.booking.com/hotel/vn/nhu-y-city-centre.vi.html
939,Northern Charm Hotel,https://www.booking.com/hotel/vn/northern-charm.vi.html
940,Vaccinated Staff - OYO 1149 Avatar Hotel,https://www.booking.com/hotel/vn/oyo-1149-avatar.vi.html
941,Feli Home - Văn Thánh Lakeview,https://www.booking.com/hotel/vn/feli-home-van-thanh-lakeview.vi.html
942,Landmark Plus - Vinhomes AirBnb,https://www.booking.com/hotel/vn/landmark-plus-vinhomes-airbnb.vi.html
943,Binh Hung Hotel,https://www.booking.com/hotel/vn/binh-hung.vi.html
944,AAN Lộc Phú Hotel,https://www.booking.com/hotel/vn/aan-loc-phu-phu-nhuan.vi.html
945,1Br-High Floor-City Center-Saigon Home,https://www.booking.com/hotel/vn/high-fl-24-river-view-1br.vi.html
946,Sara Landmark View ( 1BR)- Thao Dien District 2,https://www.booking.com/hotel/vn/sara-landmark-view-1br-thao-dien-district-2.vi.html
947,Golden Hotel &amp; Apartment,https://www.booking.com/hotel/vn/golden-amp-apartment-tp-ho-chi-minh.vi.html
948,Cozrum Homes Greena House,https://www.booking.com/hotel/vn/cozrum-homes-greena-house.vi.html
949,ANNIE SAIGON APARTMENT - RIVERGATE RESIDENCE,https://www.booking.com/hotel/vn/annie-saigon-apartment-rivergate-residence.vi.html
950,Tresor Pool Gym in Center Saigon,https://www.booking.com/hotel/vn/tresor-pool-gym-in-center-saigon.vi.html
951,Enjoy Hotel 7,https://www.booking.com/hotel/vn/enjoy-ho-chi-minh-city.vi.html
952,HOTEL NGUYEN ANH,https://www.booking.com/hotel/vn/nguyen-anh-tp-ho-chi-minh.vi.html
953,Pharaon Hotel 2,https://www.booking.com/hotel/vn/pharaon-quan-1.vi.html
954,Vinhomes,https://www.booking.com/hotel/vn/vinhomes-ho-chi-minh-city.vi.html
955,Luas Cosy Home - The Cosy Chinatown Hideaway,https://www.booking.com/hotel/vn/luas-cosy-home-the-cosy-chinatown-hideaway.vi.html
956,Hotel Apartment,https://www.booking.com/hotel/vn/aodai-apartment-quan-8.vi.html
957,Xíu Mại House,https://www.booking.com/hotel/vn/xiu-mai-house.vi.html
958,Capitalland's Service Apartment Landmark Plus Vinhomes,https://www.booking.com/hotel/vn/capitalland-39-s-service-apartment-landmark-plus-vinhomes.vi.html
959,RedDoorz Minh Thu Tan Binh,https://www.booking.com/hotel/vn/reddoorz-minh-thu-tan-binh.vi.html
960,Luxury The Goldview Apartment Spacious 2 BEDROOM Bitexco view in Distrct 4 FREE pool gym,https://www.booking.com/hotel/vn/the-goldview-apartment-in-district-4.vi.html
961,Hoàng Quân Hotel,https://www.booking.com/hotel/vn/hoang-quan-tp-ho-chi-minh1.vi.html
962,"Home Away Homestay, City Center, D1",https://www.booking.com/hotel/vn/home-away-double-bed-room-30-m2-center-city-101.vi.html
963,Austin Apartment Sky Center - Near International Airport (1BR-2BR-3BR),https://www.booking.com/hotel/vn/austin-apartment-sky-center-near-international-airport-1br-2br-3br-tan-binh.vi.html
964,Khách sạn Hoa Anh Anh,https://www.booking.com/hotel/vn/khach-san-hoa-anh-anh.vi.html
965,Bear's House - The Riverside,https://www.booking.com/hotel/vn/bear-39-s-house-binh-thanh.vi.html
966,Toanphuongj 4 A25 nguyễn hữu tiến,https://www.booking.com/hotel/vn/toanphuongj-4-a25-nguyen-huu-tien.vi.html
967,MILENNIUM- ALICE APARTMENT,https://www.booking.com/hotel/vn/milennium-alice-apartment.vi.html
968,The Roofing Turtle,https://www.booking.com/hotel/vn/cheerio-serviced-apartments-quan-1.vi.html
969,RedDoorz Lucky Hotel,https://www.booking.com/hotel/vn/reddoorz-lucky.vi.html
970,HANZ Friday Hotel 662-7 Su Van Hanh,https://www.booking.com/hotel/vn/hanz-royal.vi.html
971,Capitalland's Service Apartment Landmark 5 Vinhomes,https://www.booking.com/hotel/vn/capitalland-39-s-service-apartment-landmark-5-vinhomes.vi.html
972,Sunrise Apartment,https://www.booking.com/hotel/vn/sunrise-apartment-tan-binh.vi.html
973,Duc Vuong 2 Hotel,https://www.booking.com/hotel/vn/duc-vuong-2-quan-10.vi.html
974,The Arrivals Hotel,https://www.booking.com/hotel/vn/the-arrivals.vi.html
975,A25 Hotel - 251 Hai Bà Trưng HCM,https://www.booking.com/hotel/vn/a25-saigon-parkview-251-hai-ba-trung.vi.html
976,ICON 56 - FREE ROOFTOP POOL GYM 6 near BEN THANH MARKET,https://www.booking.com/hotel/vn/icon-56-free-rooftop-pool-gym-6-br-apt.vi.html
977,My House 630.,https://www.booking.com/hotel/vn/my-house-630-quan-1.vi.html
978,Hang's Homestay - Thao Dien District 2,https://www.booking.com/hotel/vn/hangs-homestay-thao-dien-district-2.vi.html
979,RedDoorz Plus near Hoang Van Thu Park 1,https://www.booking.com/hotel/vn/reddoorz-plus-near-hoang-van-thu-park-1.vi.html
980,RedDoorz Venice Hotel,https://www.booking.com/hotel/vn/venice.vi.html
981,Pharaon Hotel 3,https://www.booking.com/hotel/vn/pharaon-3.vi.html
982,Aloha Hotel,https://www.booking.com/hotel/vn/thien-phuc-binh-tan.vi.html
983,RedDoorz 868 Phat Loc Phat Hotel,https://www.booking.com/hotel/vn/reddoorz-anh-duong.vi.html
984,RedDoorz Premium Cloud 9 An Nhon Hotel,https://www.booking.com/hotel/vn/reddoorz-premium-cloud-9-an-nhon.vi.html
985,Du Homestay 1,https://www.booking.com/hotel/vn/du-homestay-3.vi.html
986,OYO 1160 Hai Phong Hotel,https://www.booking.com/hotel/vn/oyo-1160-hai-phong.vi.html
987,The Blue Vivid Apartment 2BR - Masteri Thao Dien,https://www.booking.com/hotel/vn/the-blue-vivid-apartment-2br-masteri-thao-dien.vi.html
988,JOCOSY Apartments,https://www.booking.com/hotel/vn/jocosy-apartments.vi.html
989,Tulip Hotel,https://www.booking.com/hotel/vn/tulip-thu-duc.vi.html
990,3br-High Floor-City Center-Saigon Home,https://www.booking.com/hotel/vn/3br-h-floor-city-center-saigon.vi.html
991,Lá Hotel Bình Tân,https://www.booking.com/hotel/vn/la-binh-tan.vi.html
992,LaLa Town,https://www.booking.com/hotel/vn/lala-apartments-infinity-pool-and-gym-quan-4.vi.html
993,KN HOLIDAY VILLA 1,https://www.booking.com/hotel/vn/kn-holiday-villa-1.vi.html
994,Pharaon Hotel,https://www.booking.com/hotel/vn/pharaon-tp-ho-chi-minh.vi.html
995,BLESSED Hotel,https://www.booking.com/hotel/vn/blessed.vi.html
996,Song Hưng Hotel &amp; Serviced Apartments - Căn hộ Dịch vụ &amp; Khách sạn,https://www.booking.com/hotel/vn/song-hung-luxury-amp-apartments-quan-7.vi.html
997,New Star Inn Boutique Hotel,https://www.booking.com/hotel/vn/new-star-inn-boutique.vi.html
998,Thea’s Shining House,https://www.booking.com/hotel/vn/theas-shining-house-ho-chi-minh-city.vi.html
999,2br-High Floor-Millennium,https://www.booking.com/hotel/vn/2br-high-floor-millennium.vi.html
1000,Khanh Gia Apartment,https://www.booking.com/hotel/vn/khanh-gia-apartment-quan-3.vi.html
